[{"courseName": "Introduction to Ruby on Rails", "chapters": [{"chapterName": "Understanding Ruby Language Basics", "pages": ["Chapter Introduction Page: Welcome to Ruby on Rails!", "Mastery of Ruby syntax and language features", "Understanding of basic programming concepts (variables, loops, conditional statements)", "Understanding of Ruby's object model"]}, {"chapterName": "Mastering Web Development Fundamentals", "pages": ["Chapter Introduction Page: Welcome to Web Development Fundamentals", "Understanding of HTML", "Understanding of CSS", "Understanding of how websites work (client-server model)"]}, {"chapterName": "Exploring Rails Framework Essentials", "pages": ["Chapter Introduction Page: Welcome to Rails Framework Essentials", "Understanding of MVC (Model-View-Controller) architecture", "Ability to create and manage Rails applications", "Understanding of Rails conventions and best practices"]}]}, {"courseName": "Database Management with Rails", "chapters": [{"chapterName": "Understanding Relational Databases and ActiveRecord", "pages": ["Chapter Introduction: Overview of Relational Databases and ActiveRecord", "What are Relational Databases?", "SQL and ActiveRecord: Performing CRUD Operations", "Understanding Database Indexing and Optimization", "Summary: Key Takeaways"]}]}, {"courseName": "Testing and Debugging in Rails", "chapters": [{"chapterName": "Test-Driven Development (TDD)", "pages": ["Introduction to Test-Driven Development (TDD)", "Benefits of TDD in Rails", "Writing and Running Test Cases using RSpec", "Debugging in Rails Applications", "TDD Principles and Best Practices"]}]}, {"courseName": "Security Best Practices in Rails", "chapters": [{"chapterName": "Understanding Web Security", "pages": ["Introduction to Web Security", "Common Web Security Threats", "Principles of Secure Web Development"]}, {"chapterName": "Implementing Authentication and Authorization", "pages": ["Introduction to Authentication and Authorization", "Secure Authentication in Rails", "Authorization Best Practices"]}, {"chapterName": "Securing Rails Applications", "pages": ["Overview of Rails Application Security", "Best Practices for Securing Rails Applications", "Implementing Security Measures in Rails"]}]}, {"courseName": "Performance Optimization in Rails", "chapters": [{"chapterName:": "Understanding Performance Optimization", "pages": ["Introduction to Performance Optimization in Rails", "Importance of Performance Optimization", "Common Performance Bottlenecks in Rails Applications", "Factors Affecting Application Performance"]}, {"chapterName:": "Identifying Performance Bottlenecks", "pages": ["Introduction to Identifying Performance Bottlenecks", "Profiling Rails Applications", "Analyzing Server Response Time", "Monitoring Database Queries"]}, {"chapterName:": "Addressing Performance Bottlenecks", "pages": ["Introduction to Addressing Performance Bottlenecks", "Utilizing Caching Strategies", "Optimizing Database Queries", "Optimizing Application Code for Performance"]}]}]