{"topic": "Javascript", "totalPages": 60, "courses": {"introduction-to-javascript": {"courseName": "Introduction to JavaScript", "slug": "introduction-to-javascript", "chapters": {"basics-of-javascript": {"name": "Basics of JavaScript", "slug": "basics-of-javascript", "pageCount": 3, "pages": {"introduction-to-javascript-and-its-uses": {"name": "Introduction to JavaScript and Its Uses", "slug": "introduction-to-javascript-and-its-uses", "path": "out/course_material/javascript/content/introduction-to-javascript/basics-of-javascript/page-introduction-to-javascript-and-its-uses.md"}, "understanding-variables-data-types-and-operators": {"name": "Understanding Variables, Data Types, and Operators", "slug": "understanding-variables-data-types-and-operators", "path": "out/course_material/javascript/content/introduction-to-javascript/basics-of-javascript/page-understanding-variables-data-types-and-operators.md"}, "writing-and-using-functions": {"name": "Writing and Using Functions", "slug": "writing-and-using-functions", "path": "out/course_material/javascript/content/introduction-to-javascript/basics-of-javascript/page-writing-and-using-functions.md"}, "practice-skill-challenge": {"name": "Practice Skill Challenge", "slug": "practice-skill-challenge", "path": "out/course_material/javascript/content/introduction-to-javascript/basics-of-javascript/challenge-practice-skill-challenge.md"}}, "paths": ["out/course_material/javascript/content/introduction-to-javascript/basics-of-javascript/page-introduction-to-javascript-and-its-uses.md", "out/course_material/javascript/content/introduction-to-javascript/basics-of-javascript/page-understanding-variables-data-types-and-operators.md", "out/course_material/javascript/content/introduction-to-javascript/basics-of-javascript/page-writing-and-using-functions.md", "out/course_material/javascript/content/introduction-to-javascript/basics-of-javascript/challenge-practice-skill-challenge.md"]}, "working-with-conditionals-and-loops": {"name": "Working with Conditionals and Loops", "slug": "working-with-conditionals-and-loops", "pageCount": 3, "pages": {"introduction-to-conditionals-and-loops": {"name": "Introduction to Conditionals and Loops", "slug": "introduction-to-conditionals-and-loops", "path": "out/course_material/javascript/content/introduction-to-javascript/working-with-conditionals-and-loops/page-introduction-to-conditionals-and-loops.md"}, "working-with-conditionals-and-loops": {"name": "Working with Conditionals and Loops", "slug": "working-with-conditionals-and-loops", "path": "out/course_material/javascript/content/introduction-to-javascript/working-with-conditionals-and-loops/page-working-with-conditionals-and-loops.md"}, "grasping-the-concept-of-scope-and-closures": {"name": "Grasping the Concept of Scope and Closures", "slug": "grasping-the-concept-of-scope-and-closures", "path": "out/course_material/javascript/content/introduction-to-javascript/working-with-conditionals-and-loops/page-grasping-the-concept-of-scope-and-closures.md"}, "practice-skill-challenge": {"name": "Practice Skill Challenge", "slug": "practice-skill-challenge", "path": "out/course_material/javascript/content/introduction-to-javascript/working-with-conditionals-and-loops/challenge-practice-skill-challenge.md"}}, "paths": ["out/course_material/javascript/content/introduction-to-javascript/working-with-conditionals-and-loops/page-introduction-to-conditionals-and-loops.md", "out/course_material/javascript/content/introduction-to-javascript/working-with-conditionals-and-loops/page-working-with-conditionals-and-loops.md", "out/course_material/javascript/content/introduction-to-javascript/working-with-conditionals-and-loops/page-grasping-the-concept-of-scope-and-closures.md", "out/course_material/javascript/content/introduction-to-javascript/working-with-conditionals-and-loops/challenge-practice-skill-challenge.md"]}}, "pageCount": 6, "paths": ["out/course_material/javascript/content/introduction-to-javascript/basics-of-javascript/page-introduction-to-javascript-and-its-uses.md", "out/course_material/javascript/content/introduction-to-javascript/basics-of-javascript/page-understanding-variables-data-types-and-operators.md", "out/course_material/javascript/content/introduction-to-javascript/basics-of-javascript/page-writing-and-using-functions.md", "out/course_material/javascript/content/introduction-to-javascript/working-with-conditionals-and-loops/page-introduction-to-conditionals-and-loops.md", "out/course_material/javascript/content/introduction-to-javascript/working-with-conditionals-and-loops/page-working-with-conditionals-and-loops.md", "out/course_material/javascript/content/introduction-to-javascript/working-with-conditionals-and-loops/page-grasping-the-concept-of-scope-and-closures.md", "out/course_material/javascript/content/introduction-to-javascript/basics-of-javascript/challenge-practice-skill-challenge.md", "out/course_material/javascript/content/introduction-to-javascript/working-with-conditionals-and-loops/challenge-practice-skill-challenge.md"]}, "dom-manipulation-with-javascript": {"courseName": "DOM Manipulation with JavaScript", "slug": "dom-manipulation-with-javascript", "chapters": {"accessing-and-modifying-html-elements": {"name": "Accessing and Modifying HTML Elements", "slug": "accessing-and-modifying-html-elements", "pageCount": 4, "pages": {"getting-started-with-html-elements": {"name": "Getting Started with HTML Elements", "slug": "getting-started-with-html-elements", "path": "out/course_material/javascript/content/dom-manipulation-with-javascript/accessing-and-modifying-html-elements/page-getting-started-with-html-elements.md"}, "accessing-html-elements-with-javascript": {"name": "Accessing HTML Elements with JavaScript", "slug": "accessing-html-elements-with-javascript", "path": "out/course_material/javascript/content/dom-manipulation-with-javascript/accessing-and-modifying-html-elements/page-accessing-html-elements-with-javascript.md"}, "modifying-html-elements-with-javascript": {"name": "Modifying HTML Elements with JavaScript", "slug": "modifying-html-elements-with-javascript", "path": "out/course_material/javascript/content/dom-manipulation-with-javascript/accessing-and-modifying-html-elements/page-modifying-html-elements-with-javascript.md"}, "adding-event-listeners-for-interactivity": {"name": "Adding Event Listeners for Interactivity", "slug": "adding-event-listeners-for-interactivity", "path": "out/course_material/javascript/content/dom-manipulation-with-javascript/accessing-and-modifying-html-elements/page-adding-event-listeners-for-interactivity.md"}, "practice-skill-challenge": {"name": "Practice Skill Challenge", "slug": "practice-skill-challenge", "path": "out/course_material/javascript/content/dom-manipulation-with-javascript/accessing-and-modifying-html-elements/challenge-practice-skill-challenge.md"}}, "paths": ["out/course_material/javascript/content/dom-manipulation-with-javascript/accessing-and-modifying-html-elements/page-getting-started-with-html-elements.md", "out/course_material/javascript/content/dom-manipulation-with-javascript/accessing-and-modifying-html-elements/page-accessing-html-elements-with-javascript.md", "out/course_material/javascript/content/dom-manipulation-with-javascript/accessing-and-modifying-html-elements/page-modifying-html-elements-with-javascript.md", "out/course_material/javascript/content/dom-manipulation-with-javascript/accessing-and-modifying-html-elements/page-adding-event-listeners-for-interactivity.md", "out/course_material/javascript/content/dom-manipulation-with-javascript/accessing-and-modifying-html-elements/challenge-practice-skill-challenge.md"]}, "dynamically-manipulating-the-dom": {"name": "Dynamically Manipulating the DOM", "slug": "dynamically-manipulating-the-dom", "pageCount": 3, "pages": {"understanding-the-dom-structure": {"name": "Understanding the DOM Structure", "slug": "understanding-the-dom-structure", "path": "out/course_material/javascript/content/dom-manipulation-with-javascript/dynamically-manipulating-the-dom/page-understanding-the-dom-structure.md"}, "adding-and-removing-dom-elements-dynamically": {"name": "Adding and Removing DOM Elements Dynamically", "slug": "adding-and-removing-dom-elements-dynamically", "path": "out/course_material/javascript/content/dom-manipulation-with-javascript/dynamically-manipulating-the-dom/page-adding-and-removing-dom-elements-dynamically.md"}, "updating-dom-content-with-ajax": {"name": "Updating DOM Content with AJAX", "slug": "updating-dom-content-with-ajax", "path": "out/course_material/javascript/content/dom-manipulation-with-javascript/dynamically-manipulating-the-dom/page-updating-dom-content-with-ajax.md"}, "practice-skill-challenge": {"name": "Practice Skill Challenge", "slug": "practice-skill-challenge", "path": "out/course_material/javascript/content/dom-manipulation-with-javascript/dynamically-manipulating-the-dom/challenge-practice-skill-challenge.md"}}, "paths": ["out/course_material/javascript/content/dom-manipulation-with-javascript/dynamically-manipulating-the-dom/page-understanding-the-dom-structure.md", "out/course_material/javascript/content/dom-manipulation-with-javascript/dynamically-manipulating-the-dom/page-adding-and-removing-dom-elements-dynamically.md", "out/course_material/javascript/content/dom-manipulation-with-javascript/dynamically-manipulating-the-dom/page-updating-dom-content-with-ajax.md", "out/course_material/javascript/content/dom-manipulation-with-javascript/dynamically-manipulating-the-dom/challenge-practice-skill-challenge.md"]}}, "pageCount": 7, "paths": ["out/course_material/javascript/content/dom-manipulation-with-javascript/accessing-and-modifying-html-elements/page-getting-started-with-html-elements.md", "out/course_material/javascript/content/dom-manipulation-with-javascript/accessing-and-modifying-html-elements/page-accessing-html-elements-with-javascript.md", "out/course_material/javascript/content/dom-manipulation-with-javascript/accessing-and-modifying-html-elements/page-modifying-html-elements-with-javascript.md", "out/course_material/javascript/content/dom-manipulation-with-javascript/accessing-and-modifying-html-elements/page-adding-event-listeners-for-interactivity.md", "out/course_material/javascript/content/dom-manipulation-with-javascript/dynamically-manipulating-the-dom/page-understanding-the-dom-structure.md", "out/course_material/javascript/content/dom-manipulation-with-javascript/dynamically-manipulating-the-dom/page-adding-and-removing-dom-elements-dynamically.md", "out/course_material/javascript/content/dom-manipulation-with-javascript/dynamically-manipulating-the-dom/page-updating-dom-content-with-ajax.md", "out/course_material/javascript/content/dom-manipulation-with-javascript/accessing-and-modifying-html-elements/challenge-practice-skill-challenge.md", "out/course_material/javascript/content/dom-manipulation-with-javascript/dynamically-manipulating-the-dom/challenge-practice-skill-challenge.md"]}, "object-oriented-javascript": {"courseName": "Object-Oriented JavaScript", "slug": "object-oriented-javascript", "chapters": {"objects-and-classes": {"name": "Objects and Classes", "slug": "objects-and-classes", "pageCount": 4, "pages": {"introduction-to-objects-and-classes": {"name": "Introduction to Objects and Classes", "slug": "introduction-to-objects-and-classes", "path": "out/course_material/javascript/content/object-oriented-javascript/objects-and-classes/page-introduction-to-objects-and-classes.md"}, "creating-and-using-objects": {"name": "Creating and Using Objects", "slug": "creating-and-using-objects", "path": "out/course_material/javascript/content/object-oriented-javascript/objects-and-classes/page-creating-and-using-objects.md"}, "understanding-classes": {"name": "Understanding Classes", "slug": "understanding-classes", "path": "out/course_material/javascript/content/object-oriented-javascript/objects-and-classes/page-understanding-classes.md"}, "implementing-inheritance-and-polymorphism": {"name": "Implementing Inheritance and Polymorphism", "slug": "implementing-inheritance-and-polymorphism", "path": "out/course_material/javascript/content/object-oriented-javascript/objects-and-classes/page-implementing-inheritance-and-polymorphism.md"}, "practice-skill-challenge": {"name": "Practice Skill Challenge", "slug": "practice-skill-challenge", "path": "out/course_material/javascript/content/object-oriented-javascript/objects-and-classes/challenge-practice-skill-challenge.md"}}, "paths": ["out/course_material/javascript/content/object-oriented-javascript/objects-and-classes/page-introduction-to-objects-and-classes.md", "out/course_material/javascript/content/object-oriented-javascript/objects-and-classes/page-creating-and-using-objects.md", "out/course_material/javascript/content/object-oriented-javascript/objects-and-classes/page-understanding-classes.md", "out/course_material/javascript/content/object-oriented-javascript/objects-and-classes/page-implementing-inheritance-and-polymorphism.md", "out/course_material/javascript/content/object-oriented-javascript/objects-and-classes/challenge-practice-skill-challenge.md"]}, "prototypal-inheritance-and-this-keyword": {"name": "Prototypal Inheritance and 'this' Keyword", "slug": "prototypal-inheritance-and-this-keyword", "pageCount": 4, "pages": {"introduction-to-prototypal-inheritance": {"name": "Introduction to Prototypal Inheritance", "slug": "introduction-to-prototypal-inheritance", "path": "out/course_material/javascript/content/object-oriented-javascript/prototypal-inheritance-and-this-keyword/page-introduction-to-prototypal-inheritance.md"}, "exploring-the-this-keyword": {"name": "Exploring the 'this' Keyword", "slug": "exploring-the-this-keyword", "path": "out/course_material/javascript/content/object-oriented-javascript/prototypal-inheritance-and-this-keyword/page-exploring-the-this-keyword.md"}, "understanding-prototypal-inheritance": {"name": "Understanding Prototypal Inheritance", "slug": "understanding-prototypal-inheritance", "path": "out/course_material/javascript/content/object-oriented-javascript/prototypal-inheritance-and-this-keyword/page-understanding-prototypal-inheritance.md"}, "leveraging-inheritance-and-this-in-practice": {"name": "Leveraging Inheritance and 'this' in Practice", "slug": "leveraging-inheritance-and-this-in-practice", "path": "out/course_material/javascript/content/object-oriented-javascript/prototypal-inheritance-and-this-keyword/page-leveraging-inheritance-and-this-in-practice.md"}, "practice-skill-challenge": {"name": "Practice Skill Challenge", "slug": "practice-skill-challenge", "path": "out/course_material/javascript/content/object-oriented-javascript/prototypal-inheritance-and-this-keyword/challenge-practice-skill-challenge.md"}}, "paths": ["out/course_material/javascript/content/object-oriented-javascript/prototypal-inheritance-and-this-keyword/page-introduction-to-prototypal-inheritance.md", "out/course_material/javascript/content/object-oriented-javascript/prototypal-inheritance-and-this-keyword/page-exploring-the-this-keyword.md", "out/course_material/javascript/content/object-oriented-javascript/prototypal-inheritance-and-this-keyword/page-understanding-prototypal-inheritance.md", "out/course_material/javascript/content/object-oriented-javascript/prototypal-inheritance-and-this-keyword/page-leveraging-inheritance-and-this-in-practice.md", "out/course_material/javascript/content/object-oriented-javascript/prototypal-inheritance-and-this-keyword/challenge-practice-skill-challenge.md"]}}, "pageCount": 8, "paths": ["out/course_material/javascript/content/object-oriented-javascript/objects-and-classes/page-introduction-to-objects-and-classes.md", "out/course_material/javascript/content/object-oriented-javascript/objects-and-classes/page-creating-and-using-objects.md", "out/course_material/javascript/content/object-oriented-javascript/objects-and-classes/page-understanding-classes.md", "out/course_material/javascript/content/object-oriented-javascript/objects-and-classes/page-implementing-inheritance-and-polymorphism.md", "out/course_material/javascript/content/object-oriented-javascript/prototypal-inheritance-and-this-keyword/page-introduction-to-prototypal-inheritance.md", "out/course_material/javascript/content/object-oriented-javascript/prototypal-inheritance-and-this-keyword/page-exploring-the-this-keyword.md", "out/course_material/javascript/content/object-oriented-javascript/prototypal-inheritance-and-this-keyword/page-understanding-prototypal-inheritance.md", "out/course_material/javascript/content/object-oriented-javascript/prototypal-inheritance-and-this-keyword/page-leveraging-inheritance-and-this-in-practice.md", "out/course_material/javascript/content/object-oriented-javascript/objects-and-classes/challenge-practice-skill-challenge.md", "out/course_material/javascript/content/object-oriented-javascript/prototypal-inheritance-and-this-keyword/challenge-practice-skill-challenge.md"]}, "asynchronous-programming-in-javascript": {"courseName": "Asynchronous Programming in JavaScript", "slug": "asynchronous-programming-in-javascript", "chapters": {"callbacks-and-promises": {"name": "Callbacks and Promises", "slug": "callbacks-and-promises", "pageCount": 5, "pages": {"introduction-to-callbacks-and-promises": {"name": "Introduction to Callbacks and Promises", "slug": "introduction-to-callbacks-and-promises", "path": "out/course_material/javascript/content/asynchronous-programming-in-javascript/callbacks-and-promises/page-introduction-to-callbacks-and-promises.md"}, "understanding-callback-functions": {"name": "Understanding Callback Functions", "slug": "understanding-callback-functions", "path": "out/course_material/javascript/content/asynchronous-programming-in-javascript/callbacks-and-promises/page-understanding-callback-functions.md"}, "introduction-to-promises": {"name": "Introduction to Promises", "slug": "introduction-to-promises", "path": "out/course_material/javascript/content/asynchronous-programming-in-javascript/callbacks-and-promises/page-introduction-to-promises.md"}, "working-with-promises-in-javascript": {"name": "Working with Promises in JavaScript", "slug": "working-with-promises-in-javascript", "path": "out/course_material/javascript/content/asynchronous-programming-in-javascript/callbacks-and-promises/page-working-with-promises-in-javascript.md"}, "making-api-calls-with-promises": {"name": "Making API Calls with Promises", "slug": "making-api-calls-with-promises", "path": "out/course_material/javascript/content/asynchronous-programming-in-javascript/callbacks-and-promises/page-making-api-calls-with-promises.md"}, "practice-skill-challenge": {"name": "Practice Skill Challenge", "slug": "practice-skill-challenge", "path": "out/course_material/javascript/content/asynchronous-programming-in-javascript/callbacks-and-promises/challenge-practice-skill-challenge.md"}}, "paths": ["out/course_material/javascript/content/asynchronous-programming-in-javascript/callbacks-and-promises/page-introduction-to-callbacks-and-promises.md", "out/course_material/javascript/content/asynchronous-programming-in-javascript/callbacks-and-promises/page-understanding-callback-functions.md", "out/course_material/javascript/content/asynchronous-programming-in-javascript/callbacks-and-promises/page-introduction-to-promises.md", "out/course_material/javascript/content/asynchronous-programming-in-javascript/callbacks-and-promises/page-working-with-promises-in-javascript.md", "out/course_material/javascript/content/asynchronous-programming-in-javascript/callbacks-and-promises/page-making-api-calls-with-promises.md", "out/course_material/javascript/content/asynchronous-programming-in-javascript/callbacks-and-promises/challenge-practice-skill-challenge.md"]}, "handling-asynchronous-processes": {"name": "Handling Asynchronous Processes", "slug": "handling-asynchronous-processes", "pageCount": 4, "pages": {"introduction-to-asynchronous-processes": {"name": "Introduction to Asynchronous Processes", "slug": "introduction-to-asynchronous-processes", "path": "out/course_material/javascript/content/asynchronous-programming-in-javascript/handling-asynchronous-processes/page-introduction-to-asynchronous-processes.md"}, "multithreading-in-javascript": {"name": "Multithreading in JavaScript", "slug": "multithreading-in-javascript", "path": "out/course_material/javascript/content/asynchronous-programming-in-javascript/handling-asynchronous-processes/page-multithreading-in-javascript.md"}, "managing-asynchronous-operations": {"name": "Managing Asynchronous Operations", "slug": "managing-asynchronous-operations", "path": "out/course_material/javascript/content/asynchronous-programming-in-javascript/handling-asynchronous-processes/page-managing-asynchronous-operations.md"}, "concurrent-execution-and-synchronization": {"name": "Concurrent Execution and Synchronization", "slug": "concurrent-execution-and-synchronization", "path": "out/course_material/javascript/content/asynchronous-programming-in-javascript/handling-asynchronous-processes/page-concurrent-execution-and-synchronization.md"}, "practice-skill-challenge": {"name": "Practice Skill Challenge", "slug": "practice-skill-challenge", "path": "out/course_material/javascript/content/asynchronous-programming-in-javascript/handling-asynchronous-processes/challenge-practice-skill-challenge.md"}}, "paths": ["out/course_material/javascript/content/asynchronous-programming-in-javascript/handling-asynchronous-processes/page-introduction-to-asynchronous-processes.md", "out/course_material/javascript/content/asynchronous-programming-in-javascript/handling-asynchronous-processes/page-multithreading-in-javascript.md", "out/course_material/javascript/content/asynchronous-programming-in-javascript/handling-asynchronous-processes/page-managing-asynchronous-operations.md", "out/course_material/javascript/content/asynchronous-programming-in-javascript/handling-asynchronous-processes/page-concurrent-execution-and-synchronization.md", "out/course_material/javascript/content/asynchronous-programming-in-javascript/handling-asynchronous-processes/challenge-practice-skill-challenge.md"]}}, "pageCount": 9, "paths": ["out/course_material/javascript/content/asynchronous-programming-in-javascript/callbacks-and-promises/page-introduction-to-callbacks-and-promises.md", "out/course_material/javascript/content/asynchronous-programming-in-javascript/callbacks-and-promises/page-understanding-callback-functions.md", "out/course_material/javascript/content/asynchronous-programming-in-javascript/callbacks-and-promises/page-introduction-to-promises.md", "out/course_material/javascript/content/asynchronous-programming-in-javascript/callbacks-and-promises/page-working-with-promises-in-javascript.md", "out/course_material/javascript/content/asynchronous-programming-in-javascript/callbacks-and-promises/page-making-api-calls-with-promises.md", "out/course_material/javascript/content/asynchronous-programming-in-javascript/handling-asynchronous-processes/page-introduction-to-asynchronous-processes.md", "out/course_material/javascript/content/asynchronous-programming-in-javascript/handling-asynchronous-processes/page-multithreading-in-javascript.md", "out/course_material/javascript/content/asynchronous-programming-in-javascript/handling-asynchronous-processes/page-managing-asynchronous-operations.md", "out/course_material/javascript/content/asynchronous-programming-in-javascript/handling-asynchronous-processes/page-concurrent-execution-and-synchronization.md", "out/course_material/javascript/content/asynchronous-programming-in-javascript/callbacks-and-promises/challenge-practice-skill-challenge.md", "out/course_material/javascript/content/asynchronous-programming-in-javascript/handling-asynchronous-processes/challenge-practice-skill-challenge.md"]}, "testing-and-debugging-in-javascript": {"courseName": "Testing and Debugging in JavaScript", "slug": "testing-and-debugging-in-javascript", "chapters": {"debugging-and-logging": {"name": "Debugging and Logging", "slug": "debugging-and-logging", "pageCount": 3, "pages": {"understanding-the-importance-of-debugging-and-logging": {"name": "Understanding the Importance of Debugging and Logging", "slug": "understanding-the-importance-of-debugging-and-logging", "path": "out/course_material/javascript/content/testing-and-debugging-in-javascript/debugging-and-logging/page-understanding-the-importance-of-debugging-and-logging.md"}, "using-console-for-debugging-and-logging": {"name": "Using Console for Debugging and Logging", "slug": "using-console-for-debugging-and-logging", "path": "out/course_material/javascript/content/testing-and-debugging-in-javascript/debugging-and-logging/page-using-console-for-debugging-and-logging.md"}, "error-handling-and-exception-management": {"name": "Error Handling and Exception Management", "slug": "error-handling-and-exception-management", "path": "out/course_material/javascript/content/testing-and-debugging-in-javascript/debugging-and-logging/page-error-handling-and-exception-management.md"}, "practice-skill-challenge": {"name": "Practice Skill Challenge", "slug": "practice-skill-challenge", "path": "out/course_material/javascript/content/testing-and-debugging-in-javascript/debugging-and-logging/challenge-practice-skill-challenge.md"}}, "paths": ["out/course_material/javascript/content/testing-and-debugging-in-javascript/debugging-and-logging/page-understanding-the-importance-of-debugging-and-logging.md", "out/course_material/javascript/content/testing-and-debugging-in-javascript/debugging-and-logging/page-using-console-for-debugging-and-logging.md", "out/course_material/javascript/content/testing-and-debugging-in-javascript/debugging-and-logging/page-error-handling-and-exception-management.md", "out/course_material/javascript/content/testing-and-debugging-in-javascript/debugging-and-logging/challenge-practice-skill-challenge.md"]}, "unit-testing-and-tools": {"name": "Unit Testing and Tools", "slug": "unit-testing-and-tools", "pageCount": 3, "pages": {"introduction-to-unit-testing": {"name": "Introduction to Unit Testing", "slug": "introduction-to-unit-testing", "path": "out/course_material/javascript/content/testing-and-debugging-in-javascript/unit-testing-and-tools/page-introduction-to-unit-testing.md"}, "setting-up-and-running-unit-tests-with-frameworks-like-jest-or-mocha": {"name": "Setting Up and Running Unit Tests with Frameworks like Jest or Mocha", "slug": "setting-up-and-running-unit-tests-with-frameworks-like-jest-or-mocha", "path": "out/course_material/javascript/content/testing-and-debugging-in-javascript/unit-testing-and-tools/page-setting-up-and-running-unit-tests-with-frameworks-like-jest-or-mocha.md"}, "employing-tools-like-chrome-devtools-for-debugging": {"name": "Employing Tools like Chrome DevTools for Debugging", "slug": "employing-tools-like-chrome-devtools-for-debugging", "path": "out/course_material/javascript/content/testing-and-debugging-in-javascript/unit-testing-and-tools/page-employing-tools-like-chrome-devtools-for-debugging.md"}, "practice-skill-challenge": {"name": "Practice Skill Challenge", "slug": "practice-skill-challenge", "path": "out/course_material/javascript/content/testing-and-debugging-in-javascript/unit-testing-and-tools/challenge-practice-skill-challenge.md"}}, "paths": ["out/course_material/javascript/content/testing-and-debugging-in-javascript/unit-testing-and-tools/page-introduction-to-unit-testing.md", "out/course_material/javascript/content/testing-and-debugging-in-javascript/unit-testing-and-tools/page-setting-up-and-running-unit-tests-with-frameworks-like-jest-or-mocha.md", "out/course_material/javascript/content/testing-and-debugging-in-javascript/unit-testing-and-tools/page-employing-tools-like-chrome-devtools-for-debugging.md", "out/course_material/javascript/content/testing-and-debugging-in-javascript/unit-testing-and-tools/challenge-practice-skill-challenge.md"]}}, "pageCount": 6, "paths": ["out/course_material/javascript/content/testing-and-debugging-in-javascript/debugging-and-logging/page-understanding-the-importance-of-debugging-and-logging.md", "out/course_material/javascript/content/testing-and-debugging-in-javascript/debugging-and-logging/page-using-console-for-debugging-and-logging.md", "out/course_material/javascript/content/testing-and-debugging-in-javascript/debugging-and-logging/page-error-handling-and-exception-management.md", "out/course_material/javascript/content/testing-and-debugging-in-javascript/unit-testing-and-tools/page-introduction-to-unit-testing.md", "out/course_material/javascript/content/testing-and-debugging-in-javascript/unit-testing-and-tools/page-setting-up-and-running-unit-tests-with-frameworks-like-jest-or-mocha.md", "out/course_material/javascript/content/testing-and-debugging-in-javascript/unit-testing-and-tools/page-employing-tools-like-chrome-devtools-for-debugging.md", "out/course_material/javascript/content/testing-and-debugging-in-javascript/debugging-and-logging/challenge-practice-skill-challenge.md", "out/course_material/javascript/content/testing-and-debugging-in-javascript/unit-testing-and-tools/challenge-practice-skill-challenge.md"]}, "libraries-and-frameworks-in-javascript": {"courseName": "Libraries and Frameworks in JavaScript", "slug": "libraries-and-frameworks-in-javascript", "chapters": {"popular-libraries-in-javascript": {"name": "Popular Libraries in JavaScript", "slug": "popular-libraries-in-javascript", "pageCount": 3, "pages": {"introduction-to-javascript-libraries": {"name": "Introduction to JavaScript Libraries", "slug": "introduction-to-javascript-libraries", "path": "out/course_material/javascript/content/libraries-and-frameworks-in-javascript/popular-libraries-in-javascript/page-introduction-to-javascript-libraries.md"}, "using-jquery-lodash-or-momentjs": {"name": "Using jQuery, Lodash, or Moment.js", "slug": "using-jquery-lodash-or-momentjs", "path": "out/course_material/javascript/content/libraries-and-frameworks-in-javascript/popular-libraries-in-javascript/page-using-jquery-lodash-or-momentjs.md"}, "exploring-nodejs-and-express": {"name": "Exploring Node.js and Express", "slug": "exploring-nodejs-and-express", "path": "out/course_material/javascript/content/libraries-and-frameworks-in-javascript/popular-libraries-in-javascript/page-exploring-nodejs-and-express.md"}, "practice-skill-challenge": {"name": "Practice Skill Challenge", "slug": "practice-skill-challenge", "path": "out/course_material/javascript/content/libraries-and-frameworks-in-javascript/popular-libraries-in-javascript/challenge-practice-skill-challenge.md"}}, "paths": ["out/course_material/javascript/content/libraries-and-frameworks-in-javascript/popular-libraries-in-javascript/page-introduction-to-javascript-libraries.md", "out/course_material/javascript/content/libraries-and-frameworks-in-javascript/popular-libraries-in-javascript/page-using-jquery-lodash-or-momentjs.md", "out/course_material/javascript/content/libraries-and-frameworks-in-javascript/popular-libraries-in-javascript/page-exploring-nodejs-and-express.md", "out/course_material/javascript/content/libraries-and-frameworks-in-javascript/popular-libraries-in-javascript/challenge-practice-skill-challenge.md"]}, "front-end-and-back-end-frameworks": {"name": "Front-end and Back-end Frameworks", "slug": "front-end-and-back-end-frameworks", "pageCount": 3, "pages": {"introduction-to-front-end-and-back-end-frameworks": {"name": "Introduction to Front-end and Back-end Frameworks", "slug": "introduction-to-front-end-and-back-end-frameworks", "path": "out/course_material/javascript/content/libraries-and-frameworks-in-javascript/front-end-and-back-end-frameworks/page-introduction-to-front-end-and-back-end-frameworks.md"}, "learning-react-or-angular": {"name": "Learning React or Angular", "slug": "learning-react-or-angular", "path": "out/course_material/javascript/content/libraries-and-frameworks-in-javascript/front-end-and-back-end-frameworks/page-learning-react-or-angular.md"}, "discovering-nodejs-or-express": {"name": "Discovering Node.js or Express", "slug": "discovering-nodejs-or-express", "path": "out/course_material/javascript/content/libraries-and-frameworks-in-javascript/front-end-and-back-end-frameworks/page-discovering-nodejs-or-express.md"}, "practice-skill-challenge": {"name": "Practice Skill Challenge", "slug": "practice-skill-challenge", "path": "out/course_material/javascript/content/libraries-and-frameworks-in-javascript/front-end-and-back-end-frameworks/challenge-practice-skill-challenge.md"}}, "paths": ["out/course_material/javascript/content/libraries-and-frameworks-in-javascript/front-end-and-back-end-frameworks/page-introduction-to-front-end-and-back-end-frameworks.md", "out/course_material/javascript/content/libraries-and-frameworks-in-javascript/front-end-and-back-end-frameworks/page-learning-react-or-angular.md", "out/course_material/javascript/content/libraries-and-frameworks-in-javascript/front-end-and-back-end-frameworks/page-discovering-nodejs-or-express.md", "out/course_material/javascript/content/libraries-and-frameworks-in-javascript/front-end-and-back-end-frameworks/challenge-practice-skill-challenge.md"]}}, "pageCount": 6, "paths": ["out/course_material/javascript/content/libraries-and-frameworks-in-javascript/popular-libraries-in-javascript/page-introduction-to-javascript-libraries.md", "out/course_material/javascript/content/libraries-and-frameworks-in-javascript/popular-libraries-in-javascript/page-using-jquery-lodash-or-momentjs.md", "out/course_material/javascript/content/libraries-and-frameworks-in-javascript/popular-libraries-in-javascript/page-exploring-nodejs-and-express.md", "out/course_material/javascript/content/libraries-and-frameworks-in-javascript/front-end-and-back-end-frameworks/page-introduction-to-front-end-and-back-end-frameworks.md", "out/course_material/javascript/content/libraries-and-frameworks-in-javascript/front-end-and-back-end-frameworks/page-learning-react-or-angular.md", "out/course_material/javascript/content/libraries-and-frameworks-in-javascript/front-end-and-back-end-frameworks/page-discovering-nodejs-or-express.md", "out/course_material/javascript/content/libraries-and-frameworks-in-javascript/popular-libraries-in-javascript/challenge-practice-skill-challenge.md", "out/course_material/javascript/content/libraries-and-frameworks-in-javascript/front-end-and-back-end-frameworks/challenge-practice-skill-challenge.md"]}, "modern-javascript-features": {"courseName": "Modern JavaScript Features", "slug": "modern-javascript-features", "chapters": {"es6-features": {"name": "ES6+ Features", "slug": "es6-features", "pageCount": 4, "pages": {"introduction-to-es6-features": {"name": "Introduction to ES6+ Features", "slug": "introduction-to-es6-features", "path": "out/course_material/javascript/content/modern-javascript-features/es6-features/page-introduction-to-es6-features.md"}, "understanding-arrow-functions-and-template-literals": {"name": "Understanding Arrow Functions and Template Literals", "slug": "understanding-arrow-functions-and-template-literals", "path": "out/course_material/javascript/content/modern-javascript-features/es6-features/page-understanding-arrow-functions-and-template-literals.md"}, "exploring-destructuring-and-spreadrest-operators": {"name": "Exploring Destructuring and Spread/Rest Operators", "slug": "exploring-destructuring-and-spreadrest-operators", "path": "out/course_material/javascript/content/modern-javascript-features/es6-features/page-exploring-destructuring-and-spreadrest-operators.md"}, "practical-examples-of-es6-features": {"name": "Practical Examples of ES6+ Features", "slug": "practical-examples-of-es6-features", "path": "out/course_material/javascript/content/modern-javascript-features/es6-features/page-practical-examples-of-es6-features.md"}, "practice-skill-challenge": {"name": "Practice Skill Challenge", "slug": "practice-skill-challenge", "path": "out/course_material/javascript/content/modern-javascript-features/es6-features/challenge-practice-skill-challenge.md"}}, "paths": ["out/course_material/javascript/content/modern-javascript-features/es6-features/page-introduction-to-es6-features.md", "out/course_material/javascript/content/modern-javascript-features/es6-features/page-understanding-arrow-functions-and-template-literals.md", "out/course_material/javascript/content/modern-javascript-features/es6-features/page-exploring-destructuring-and-spreadrest-operators.md", "out/course_material/javascript/content/modern-javascript-features/es6-features/page-practical-examples-of-es6-features.md", "out/course_material/javascript/content/modern-javascript-features/es6-features/challenge-practice-skill-challenge.md"]}, "modules-and-classes": {"name": "Modules and Classes", "slug": "modules-and-classes", "pageCount": 4, "pages": {"introduction-to-modules-and-classes": {"name": "Introduction to Modules and Classes", "slug": "introduction-to-modules-and-classes", "path": "out/course_material/javascript/content/modern-javascript-features/modules-and-classes/page-introduction-to-modules-and-classes.md"}, "grasping-the-concept-of-modules": {"name": "Grasping the Concept of Modules", "slug": "grasping-the-concept-of-modules", "path": "out/course_material/javascript/content/modern-javascript-features/modules-and-classes/page-grasping-the-concept-of-modules.md"}, "understanding-classes-and-iterators": {"name": "Understanding Classes and Iterators", "slug": "understanding-classes-and-iterators", "path": "out/course_material/javascript/content/modern-javascript-features/modules-and-classes/page-understanding-classes-and-iterators.md"}, "hands-on-practice-with-modules-and-classes": {"name": "Hands-on Practice with Modules and Classes", "slug": "hands-on-practice-with-modules-and-classes", "path": "out/course_material/javascript/content/modern-javascript-features/modules-and-classes/page-hands-on-practice-with-modules-and-classes.md"}, "practice-skill-challenge": {"name": "Practice Skill Challenge", "slug": "practice-skill-challenge", "path": "out/course_material/javascript/content/modern-javascript-features/modules-and-classes/challenge-practice-skill-challenge.md"}}, "paths": ["out/course_material/javascript/content/modern-javascript-features/modules-and-classes/page-introduction-to-modules-and-classes.md", "out/course_material/javascript/content/modern-javascript-features/modules-and-classes/page-grasping-the-concept-of-modules.md", "out/course_material/javascript/content/modern-javascript-features/modules-and-classes/page-understanding-classes-and-iterators.md", "out/course_material/javascript/content/modern-javascript-features/modules-and-classes/page-hands-on-practice-with-modules-and-classes.md", "out/course_material/javascript/content/modern-javascript-features/modules-and-classes/challenge-practice-skill-challenge.md"]}}, "pageCount": 8, "paths": ["out/course_material/javascript/content/modern-javascript-features/es6-features/page-introduction-to-es6-features.md", "out/course_material/javascript/content/modern-javascript-features/es6-features/page-understanding-arrow-functions-and-template-literals.md", "out/course_material/javascript/content/modern-javascript-features/es6-features/page-exploring-destructuring-and-spreadrest-operators.md", "out/course_material/javascript/content/modern-javascript-features/es6-features/page-practical-examples-of-es6-features.md", "out/course_material/javascript/content/modern-javascript-features/modules-and-classes/page-introduction-to-modules-and-classes.md", "out/course_material/javascript/content/modern-javascript-features/modules-and-classes/page-grasping-the-concept-of-modules.md", "out/course_material/javascript/content/modern-javascript-features/modules-and-classes/page-understanding-classes-and-iterators.md", "out/course_material/javascript/content/modern-javascript-features/modules-and-classes/page-hands-on-practice-with-modules-and-classes.md", "out/course_material/javascript/content/modern-javascript-features/es6-features/challenge-practice-skill-challenge.md", "out/course_material/javascript/content/modern-javascript-features/modules-and-classes/challenge-practice-skill-challenge.md"]}, "performance-optimization-in-javascript": {"courseName": "Performance Optimization in JavaScript", "slug": "performance-optimization-in-javascript", "chapters": {"identifying-performance-bottlenecks": {"name": "Identifying Performance Bottlenecks", "slug": "identifying-performance-bottlenecks", "pageCount": 5, "pages": {"introduction-to-performance-optimization": {"name": "Introduction to Performance Optimization", "slug": "introduction-to-performance-optimization", "path": "out/course_material/javascript/content/performance-optimization-in-javascript/identifying-performance-bottlenecks/page-introduction-to-performance-optimization.md"}, "understanding-performance-metrics": {"name": "Understanding Performance Metrics", "slug": "understanding-performance-metrics", "path": "out/course_material/javascript/content/performance-optimization-in-javascript/identifying-performance-bottlenecks/page-understanding-performance-metrics.md"}, "tools-for-performance-audits": {"name": "Tools for Performance Audits", "slug": "tools-for-performance-audits", "path": "out/course_material/javascript/content/performance-optimization-in-javascript/identifying-performance-bottlenecks/page-tools-for-performance-audits.md"}, "analyzing-network-requests": {"name": "Analyzing Network Requests", "slug": "analyzing-network-requests", "path": "out/course_material/javascript/content/performance-optimization-in-javascript/identifying-performance-bottlenecks/page-analyzing-network-requests.md"}, "evaluating-rendering-performance": {"name": "Evaluating Rendering Performance", "slug": "evaluating-rendering-performance", "path": "out/course_material/javascript/content/performance-optimization-in-javascript/identifying-performance-bottlenecks/page-evaluating-rendering-performance.md"}, "practice-skill-challenge": {"name": "Practice Skill Challenge", "slug": "practice-skill-challenge", "path": "out/course_material/javascript/content/performance-optimization-in-javascript/identifying-performance-bottlenecks/challenge-practice-skill-challenge.md"}}, "paths": ["out/course_material/javascript/content/performance-optimization-in-javascript/identifying-performance-bottlenecks/page-introduction-to-performance-optimization.md", "out/course_material/javascript/content/performance-optimization-in-javascript/identifying-performance-bottlenecks/page-understanding-performance-metrics.md", "out/course_material/javascript/content/performance-optimization-in-javascript/identifying-performance-bottlenecks/page-tools-for-performance-audits.md", "out/course_material/javascript/content/performance-optimization-in-javascript/identifying-performance-bottlenecks/page-analyzing-network-requests.md", "out/course_material/javascript/content/performance-optimization-in-javascript/identifying-performance-bottlenecks/page-evaluating-rendering-performance.md", "out/course_material/javascript/content/performance-optimization-in-javascript/identifying-performance-bottlenecks/challenge-practice-skill-challenge.md"]}, "best-practices-and-optimization-techniques": {"name": "Best Practices and Optimization Techniques", "slug": "best-practices-and-optimization-techniques", "pageCount": 5, "pages": {"introduction-to-optimization-techniques": {"name": "Introduction to Optimization Techniques", "slug": "introduction-to-optimization-techniques", "path": "out/course_material/javascript/content/performance-optimization-in-javascript/best-practices-and-optimization-techniques/page-introduction-to-optimization-techniques.md"}, "minimizing-load-times": {"name": "Minimizing Load Times", "slug": "minimizing-load-times", "path": "out/course_material/javascript/content/performance-optimization-in-javascript/best-practices-and-optimization-techniques/page-minimizing-load-times.md"}, "optimizing-resource-usage": {"name": "Optimizing Resource Usage", "slug": "optimizing-resource-usage", "path": "out/course_material/javascript/content/performance-optimization-in-javascript/best-practices-and-optimization-techniques/page-optimizing-resource-usage.md"}, "caching-data-for-performance": {"name": "Caching Data for Performance", "slug": "caching-data-for-performance", "path": "out/course_material/javascript/content/performance-optimization-in-javascript/best-practices-and-optimization-techniques/page-caching-data-for-performance.md"}, "implementing-network-request-optimization": {"name": "Implementing Network Request Optimization", "slug": "implementing-network-request-optimization", "path": "out/course_material/javascript/content/performance-optimization-in-javascript/best-practices-and-optimization-techniques/page-implementing-network-request-optimization.md"}, "practice-skill-challenge": {"name": "Practice Skill Challenge", "slug": "practice-skill-challenge", "path": "out/course_material/javascript/content/performance-optimization-in-javascript/best-practices-and-optimization-techniques/challenge-practice-skill-challenge.md"}}, "paths": ["out/course_material/javascript/content/performance-optimization-in-javascript/best-practices-and-optimization-techniques/page-introduction-to-optimization-techniques.md", "out/course_material/javascript/content/performance-optimization-in-javascript/best-practices-and-optimization-techniques/page-minimizing-load-times.md", "out/course_material/javascript/content/performance-optimization-in-javascript/best-practices-and-optimization-techniques/page-optimizing-resource-usage.md", "out/course_material/javascript/content/performance-optimization-in-javascript/best-practices-and-optimization-techniques/page-caching-data-for-performance.md", "out/course_material/javascript/content/performance-optimization-in-javascript/best-practices-and-optimization-techniques/page-implementing-network-request-optimization.md", "out/course_material/javascript/content/performance-optimization-in-javascript/best-practices-and-optimization-techniques/challenge-practice-skill-challenge.md"]}}, "pageCount": 10, "paths": ["out/course_material/javascript/content/performance-optimization-in-javascript/identifying-performance-bottlenecks/page-introduction-to-performance-optimization.md", "out/course_material/javascript/content/performance-optimization-in-javascript/identifying-performance-bottlenecks/page-understanding-performance-metrics.md", "out/course_material/javascript/content/performance-optimization-in-javascript/identifying-performance-bottlenecks/page-tools-for-performance-audits.md", "out/course_material/javascript/content/performance-optimization-in-javascript/identifying-performance-bottlenecks/page-analyzing-network-requests.md", "out/course_material/javascript/content/performance-optimization-in-javascript/identifying-performance-bottlenecks/page-evaluating-rendering-performance.md", "out/course_material/javascript/content/performance-optimization-in-javascript/best-practices-and-optimization-techniques/page-introduction-to-optimization-techniques.md", "out/course_material/javascript/content/performance-optimization-in-javascript/best-practices-and-optimization-techniques/page-minimizing-load-times.md", "out/course_material/javascript/content/performance-optimization-in-javascript/best-practices-and-optimization-techniques/page-optimizing-resource-usage.md", "out/course_material/javascript/content/performance-optimization-in-javascript/best-practices-and-optimization-techniques/page-caching-data-for-performance.md", "out/course_material/javascript/content/performance-optimization-in-javascript/best-practices-and-optimization-techniques/page-implementing-network-request-optimization.md", "out/course_material/javascript/content/performance-optimization-in-javascript/identifying-performance-bottlenecks/challenge-practice-skill-challenge.md", "out/course_material/javascript/content/performance-optimization-in-javascript/best-practices-and-optimization-techniques/challenge-practice-skill-challenge.md"]}}, "allPaths": ["out/course_material/javascript/content/introduction-to-javascript/basics-of-javascript/page-introduction-to-javascript-and-its-uses.md", "out/course_material/javascript/content/introduction-to-javascript/basics-of-javascript/page-understanding-variables-data-types-and-operators.md", "out/course_material/javascript/content/introduction-to-javascript/basics-of-javascript/page-writing-and-using-functions.md", "out/course_material/javascript/content/introduction-to-javascript/working-with-conditionals-and-loops/page-introduction-to-conditionals-and-loops.md", "out/course_material/javascript/content/introduction-to-javascript/working-with-conditionals-and-loops/page-working-with-conditionals-and-loops.md", "out/course_material/javascript/content/introduction-to-javascript/working-with-conditionals-and-loops/page-grasping-the-concept-of-scope-and-closures.md", "out/course_material/javascript/content/dom-manipulation-with-javascript/accessing-and-modifying-html-elements/page-getting-started-with-html-elements.md", "out/course_material/javascript/content/dom-manipulation-with-javascript/accessing-and-modifying-html-elements/page-accessing-html-elements-with-javascript.md", "out/course_material/javascript/content/dom-manipulation-with-javascript/accessing-and-modifying-html-elements/page-modifying-html-elements-with-javascript.md", "out/course_material/javascript/content/dom-manipulation-with-javascript/accessing-and-modifying-html-elements/page-adding-event-listeners-for-interactivity.md", "out/course_material/javascript/content/dom-manipulation-with-javascript/dynamically-manipulating-the-dom/page-understanding-the-dom-structure.md", "out/course_material/javascript/content/dom-manipulation-with-javascript/dynamically-manipulating-the-dom/page-adding-and-removing-dom-elements-dynamically.md", "out/course_material/javascript/content/dom-manipulation-with-javascript/dynamically-manipulating-the-dom/page-updating-dom-content-with-ajax.md", "out/course_material/javascript/content/object-oriented-javascript/objects-and-classes/page-introduction-to-objects-and-classes.md", "out/course_material/javascript/content/object-oriented-javascript/objects-and-classes/page-creating-and-using-objects.md", "out/course_material/javascript/content/object-oriented-javascript/objects-and-classes/page-understanding-classes.md", "out/course_material/javascript/content/object-oriented-javascript/objects-and-classes/page-implementing-inheritance-and-polymorphism.md", "out/course_material/javascript/content/object-oriented-javascript/prototypal-inheritance-and-this-keyword/page-introduction-to-prototypal-inheritance.md", "out/course_material/javascript/content/object-oriented-javascript/prototypal-inheritance-and-this-keyword/page-exploring-the-this-keyword.md", "out/course_material/javascript/content/object-oriented-javascript/prototypal-inheritance-and-this-keyword/page-understanding-prototypal-inheritance.md", "out/course_material/javascript/content/object-oriented-javascript/prototypal-inheritance-and-this-keyword/page-leveraging-inheritance-and-this-in-practice.md", "out/course_material/javascript/content/asynchronous-programming-in-javascript/callbacks-and-promises/page-introduction-to-callbacks-and-promises.md", "out/course_material/javascript/content/asynchronous-programming-in-javascript/callbacks-and-promises/page-understanding-callback-functions.md", "out/course_material/javascript/content/asynchronous-programming-in-javascript/callbacks-and-promises/page-introduction-to-promises.md", "out/course_material/javascript/content/asynchronous-programming-in-javascript/callbacks-and-promises/page-working-with-promises-in-javascript.md", "out/course_material/javascript/content/asynchronous-programming-in-javascript/callbacks-and-promises/page-making-api-calls-with-promises.md", "out/course_material/javascript/content/asynchronous-programming-in-javascript/handling-asynchronous-processes/page-introduction-to-asynchronous-processes.md", "out/course_material/javascript/content/asynchronous-programming-in-javascript/handling-asynchronous-processes/page-multithreading-in-javascript.md", "out/course_material/javascript/content/asynchronous-programming-in-javascript/handling-asynchronous-processes/page-managing-asynchronous-operations.md", "out/course_material/javascript/content/asynchronous-programming-in-javascript/handling-asynchronous-processes/page-concurrent-execution-and-synchronization.md", "out/course_material/javascript/content/testing-and-debugging-in-javascript/debugging-and-logging/page-understanding-the-importance-of-debugging-and-logging.md", "out/course_material/javascript/content/testing-and-debugging-in-javascript/debugging-and-logging/page-using-console-for-debugging-and-logging.md", "out/course_material/javascript/content/testing-and-debugging-in-javascript/debugging-and-logging/page-error-handling-and-exception-management.md", "out/course_material/javascript/content/testing-and-debugging-in-javascript/unit-testing-and-tools/page-introduction-to-unit-testing.md", "out/course_material/javascript/content/testing-and-debugging-in-javascript/unit-testing-and-tools/page-setting-up-and-running-unit-tests-with-frameworks-like-jest-or-mocha.md", "out/course_material/javascript/content/testing-and-debugging-in-javascript/unit-testing-and-tools/page-employing-tools-like-chrome-devtools-for-debugging.md", "out/course_material/javascript/content/libraries-and-frameworks-in-javascript/popular-libraries-in-javascript/page-introduction-to-javascript-libraries.md", "out/course_material/javascript/content/libraries-and-frameworks-in-javascript/popular-libraries-in-javascript/page-using-jquery-lodash-or-momentjs.md", "out/course_material/javascript/content/libraries-and-frameworks-in-javascript/popular-libraries-in-javascript/page-exploring-nodejs-and-express.md", "out/course_material/javascript/content/libraries-and-frameworks-in-javascript/front-end-and-back-end-frameworks/page-introduction-to-front-end-and-back-end-frameworks.md", "out/course_material/javascript/content/libraries-and-frameworks-in-javascript/front-end-and-back-end-frameworks/page-learning-react-or-angular.md", "out/course_material/javascript/content/libraries-and-frameworks-in-javascript/front-end-and-back-end-frameworks/page-discovering-nodejs-or-express.md", "out/course_material/javascript/content/modern-javascript-features/es6-features/page-introduction-to-es6-features.md", "out/course_material/javascript/content/modern-javascript-features/es6-features/page-understanding-arrow-functions-and-template-literals.md", "out/course_material/javascript/content/modern-javascript-features/es6-features/page-exploring-destructuring-and-spreadrest-operators.md", "out/course_material/javascript/content/modern-javascript-features/es6-features/page-practical-examples-of-es6-features.md", "out/course_material/javascript/content/modern-javascript-features/modules-and-classes/page-introduction-to-modules-and-classes.md", "out/course_material/javascript/content/modern-javascript-features/modules-and-classes/page-grasping-the-concept-of-modules.md", "out/course_material/javascript/content/modern-javascript-features/modules-and-classes/page-understanding-classes-and-iterators.md", "out/course_material/javascript/content/modern-javascript-features/modules-and-classes/page-hands-on-practice-with-modules-and-classes.md", "out/course_material/javascript/content/performance-optimization-in-javascript/identifying-performance-bottlenecks/page-introduction-to-performance-optimization.md", "out/course_material/javascript/content/performance-optimization-in-javascript/identifying-performance-bottlenecks/page-understanding-performance-metrics.md", "out/course_material/javascript/content/performance-optimization-in-javascript/identifying-performance-bottlenecks/page-tools-for-performance-audits.md", "out/course_material/javascript/content/performance-optimization-in-javascript/identifying-performance-bottlenecks/page-analyzing-network-requests.md", "out/course_material/javascript/content/performance-optimization-in-javascript/identifying-performance-bottlenecks/page-evaluating-rendering-performance.md", "out/course_material/javascript/content/performance-optimization-in-javascript/best-practices-and-optimization-techniques/page-introduction-to-optimization-techniques.md", "out/course_material/javascript/content/performance-optimization-in-javascript/best-practices-and-optimization-techniques/page-minimizing-load-times.md", "out/course_material/javascript/content/performance-optimization-in-javascript/best-practices-and-optimization-techniques/page-optimizing-resource-usage.md", "out/course_material/javascript/content/performance-optimization-in-javascript/best-practices-and-optimization-techniques/page-caching-data-for-performance.md", "out/course_material/javascript/content/performance-optimization-in-javascript/best-practices-and-optimization-techniques/page-implementing-network-request-optimization.md", "out/course_material/javascript/content/introduction-to-javascript/basics-of-javascript/challenge-practice-skill-challenge.md", "out/course_material/javascript/content/introduction-to-javascript/working-with-conditionals-and-loops/challenge-practice-skill-challenge.md", "out/course_material/javascript/content/dom-manipulation-with-javascript/accessing-and-modifying-html-elements/challenge-practice-skill-challenge.md", "out/course_material/javascript/content/dom-manipulation-with-javascript/dynamically-manipulating-the-dom/challenge-practice-skill-challenge.md", "out/course_material/javascript/content/object-oriented-javascript/objects-and-classes/challenge-practice-skill-challenge.md", "out/course_material/javascript/content/object-oriented-javascript/prototypal-inheritance-and-this-keyword/challenge-practice-skill-challenge.md", "out/course_material/javascript/content/asynchronous-programming-in-javascript/callbacks-and-promises/challenge-practice-skill-challenge.md", "out/course_material/javascript/content/asynchronous-programming-in-javascript/handling-asynchronous-processes/challenge-practice-skill-challenge.md", "out/course_material/javascript/content/testing-and-debugging-in-javascript/debugging-and-logging/challenge-practice-skill-challenge.md", "out/course_material/javascript/content/testing-and-debugging-in-javascript/unit-testing-and-tools/challenge-practice-skill-challenge.md", "out/course_material/javascript/content/libraries-and-frameworks-in-javascript/popular-libraries-in-javascript/challenge-practice-skill-challenge.md", "out/course_material/javascript/content/libraries-and-frameworks-in-javascript/front-end-and-back-end-frameworks/challenge-practice-skill-challenge.md", "out/course_material/javascript/content/modern-javascript-features/es6-features/challenge-practice-skill-challenge.md", "out/course_material/javascript/content/modern-javascript-features/modules-and-classes/challenge-practice-skill-challenge.md", "out/course_material/javascript/content/performance-optimization-in-javascript/identifying-performance-bottlenecks/challenge-practice-skill-challenge.md", "out/course_material/javascript/content/performance-optimization-in-javascript/best-practices-and-optimization-techniques/challenge-practice-skill-challenge.md"]}