[{"courseName": "Python Basics", "chapters": [{"chapterName": "Introduction to Python", "pages": ["Chapter Introduction Page", "Understanding Python syntax and basics", "Using variables and data types"]}, {"chapterName": "Control Flow and Loops", "pages": ["Chapter Introduction Page", "Understanding conditions and if statements", "Working with loops, such as for and while loops"]}]}, {"courseName": "Data Handling in Python", "chapters": [{"chapterName": "Working with Lists and Dictionaries", "pages": ["Chapter Introduction Page", "Understanding and using lists", "Exploring the functionality of dictionaries"]}, {"chapterName": "Manipulating Strings", "pages": ["Chapter Introduction Page", "Understanding string operations", "Using string methods for manipulation"]}]}, {"courseName": "Functions and Modules in Python", "chapters": [{"chapterName": "Introduction to Functions", "pages": ["Chapter Introduction: Understanding the concept of functions", "What are Functions?", "Creating Functions in Python", "Calling Functions in Python", "Passing Arguments to Functions"]}, {"chapterName": "Importing and Using Modules", "pages": ["Chapter Introduction: Understanding the role of modules in Python", "What are Modules?", "Importing Modules in Python", "Using Functions from Modules", "Creating and Using Custom Modules"]}]}, {"courseName": "Object-Oriented Programming in Python", "chapters": [{"chapterName": "Introduction to Classes and Objects", "pages": ["Chapter Introduction Page", "Understanding the concept of classes", "Defining classes in Python", "Creating and using objects"]}, {"chapterName": "Inheritance and Polymorphism", "pages": ["Chapter Introduction Page", "Understanding inheritance in Python", "Implementing inheritance in classes", "Implementing polymorphism in Python"]}]}, {"courseName": "File Handling and Error Handling in Python", "chapters": [{"chapterName": "Working with Files", "pages": ["Introduction to File Handling", "Opening and Closing Files in Python", "Reading and Writing Files", "Understanding File Modes and Operations"]}, {"chapterName": "Exception Handling", "pages": ["Introduction to Exception Handling", "Understanding Errors and Exceptions", "Implementing Try-Except Blocks", "Best Practices for Error Handling"]}]}]