[{"courseName": "Python Basics", "modules": [{"name": "Introduction to Python", "skills": ["Understanding Python syntax and basics", "Using variables and data types"]}, {"name": "Control Flow and Loops", "skills": ["Understanding conditions and if statements", "Working with loops, such as for and while loops"]}]}, {"courseName": "Data Handling in Python", "modules": [{"name": "Working with Lists and Dictionaries", "skills": ["Understanding and using lists", "Exploring the functionality of dictionaries"]}, {"name": "Manipulating Strings", "skills": ["Understanding string operations", "Using string methods for manipulation"]}]}, {"courseName": "Functions and Modules in Python", "modules": [{"name": "Introduction to Functions", "skills": ["Understanding the concept of functions", "Creating and calling functions"]}, {"name": "Importing and Using Modules", "skills": ["Understanding the role of modules in Python", "Importing and using modules"]}]}, {"courseName": "Object-Oriented Programming in Python", "modules": [{"name": "Classes and Objects", "skills": ["Defining and using classes", "Creating objects and using constructors"]}, {"name": "Inheritance and Polymorphism", "skills": ["Understanding inheritance", "Implementing polymorphism in Python"]}]}, {"courseName": "File Handling and Error Handling in Python", "modules": [{"name": "Working with Files", "skills": ["Opening, reading, writing, and closing files", "Understanding file modes and file operations"]}, {"name": "Exception Handling", "skills": ["Understanding exceptions and errors", "Implementing try-except blocks for error handling"]}]}]