[{"chapterName": "Understanding DOM Manipulation", "pages": ["Welcome to DOM Manipulation and Event Handling Course", "What is the DOM?", "Accessing Elements in the DOM", "Manipulating DOM Elements", "Practice Skill Challenge: Access and Manipulate the DOM"]}, {"chapterName": "Event Handling in JavaScript", "pages": ["Welcome to Event Handling in JavaScript", "Understanding Events and Event Handlers", "Adding Event Listeners", "Event Object and Event Propagation", "Practice Skill Challenge: Create and Handle Events"]}, {"chapterName": "Asynchronous Data Retrieval with AJAX", "pages": ["Welcome to Asynchronous Data Retrieval with AJAX", "What is AJAX?", "Making Asynchronous HTTP Requests", "Handling AJAX Responses", "Practice Skill Challenge: Retrieve Data Asynchronously with AJAX"]}]