[{"chapterName": "Understanding jQuery Fundamentals", "pages": ["Welcome to jQuery Fundamentals", "What is jQuery?", "Selecting Elements with jQuery", "Manipulating Elements with jQuery", "Adding Event Handlers with jQuery", "Practice skill challenge: jQuery Fundamentals"]}, {"chapterName": "Introduction to React/Vue.js/Angular", "pages": ["Welcome to React/Vue.js/Angular", "Overview of React, Vue.js, and Angular", "Setting up a Simple Application", "Working with Components", "Practice skill challenge: React/Vue.js/Angular"]}, {"chapterName": "Server-side JavaScript with Node.js", "pages": ["Welcome to Server-side JavaScript with Node.js", "What is Node.js?", "Setting up a Basic Server with Node.js", "Working with Modules in Node.js", "Interacting with the File System", "Practice skill challenge: Server-side JavaScript with Node.js"]}]