[
    {
        "courseName": "Introduction to Ruby on Rails",
        "chapters": [
            {
                "chapterName": "Getting Started with Ruby on Rails",
                "pages": [
                    "Introduction to Ruby on Rails",
                    "Mastery of Ruby syntax and features",
                    "Understanding of Rails MVC (Model-View-Controller) architecture",
                    "Understanding of web development frameworks and libraries",
                    "HTML/CSS knowledge for web page layout and styling",
                    "Understanding of client-server architecture and HTTP protocol",
                    "Ability to use version control systems (e.g., Git)",
                    "Proficiency in using Rails conventions and best practices"
                ]
            },
            {
                "chapterName": "Rails Web Development Basics",
                "pages": [
                    "Introduction to Rails Web Development Basics",
                    "HTML/CSS knowledge for web page layout and styling",
                    "Understanding of client-server architecture and HTTP protocol",
                    "Ability to use version control systems (e.g., Git)",
                    "Proficiency in using Rails conventions and best practices"
                ]
            }
        ]
    },
    {
        "courseName": "Testing and Debugging in Ruby on Rails",
        "chapters": [
            {
                "chapterName": "Unit Testing in Rails with RSpec",
                "pages": [
                    "Introduction to Unit Testing in Rails",
                    "Writing Unit Tests with RSpec",
                    "Integration Testing with RSpec",
                    "Test-Driven Development (TDD) Principles"
                ]
            },
            {
                "chapterName": "Debugging and Troubleshooting Rails Applications",
                "pages": [
                    "Introduction to Debugging in Rails",
                    "Tools for Debugging Rails Applications",
                    "Troubleshooting Common Issues",
                    "Optimizing and Improving Rails Application Performance"
                ]
            }
        ]
    },
    {
        "courseName": "Security and Performance in Ruby on Rails",
        "chapters": [
            {
                "chapterName": "Securing Rails Applications",
                "pages": [
                    "Introduction to Securing Rails Applications",
                    "Common Security Vulnerabilities in Rails",
                    "Best Practices for Securing Rails Applications",
                    "Authentication and Authorization Mechanisms in Rails"
                ]
            },
            {
                "chapterName": "Optimizing Rails Application Performance",
                "pages": [
                    "Introduction to Optimizing Rails Application Performance",
                    "Performance Optimization Techniques for Rails Applications",
                    "Tools and Strategies for Improving Rails Application Performance"
                ]
            }
        ]
    },
    {
        "courseName": "Database Management with ActiveRecord",
        "chapters": [
            {
                "chapterName": "Introduction to ActiveRecord and Databases",
                "pages": [
                    "Chapter Introduction",
                    "What is ActiveRecord?",
                    "Understanding Databases in Rails",
                    "Setting up and Configuring Databases"
                ]
            },
            {
                "chapterName": "Modeling Data with ActiveRecord",
                "pages": [
                    "Chapter Introduction",
                    "Defining Models with ActiveRecord",
                    "Creating Associations between Models",
                    "Validating Data with ActiveRecord"
                ]
            },
            {
                "chapterName": "Migrations and Schema Management",
                "pages": [
                    "Chapter Introduction",
                    "Understanding Migrations in Rails",
                    "Managing Database Schema",
                    "Advanced Schema Management Techniques"
                ]
            },
            {
                "chapterName": "Querying and Manipulating Data",
                "pages": [
                    "Chapter Introduction",
                    "Querying Data with ActiveRecord",
                    "Manipulating Data with ActiveRecord",
                    "Advanced Data Manipulation Techniques"
                ]
            },
            {
                "chapterName": "Understanding Metaprogramming in Ruby",
                "pages": [
                    "Chapter Introduction",
                    "Metaprogramming Fundamentals",
                    "Metaprogramming Use Cases in ActiveRecord",
                    "Practical Applications of Metaprogramming in Rails"
                ]
            }
        ]
    },
    {
        "courseName": "Deployment and DevOps for Ruby on Rails",
        "chapters": [
            {
                "chapterName": "Understanding Rails Application Deployment",
                "pages": [
                    "Introduction to Rails Application Deployment",
                    "Deployment Processes for Rails Applications",
                    "Continuous Integration and Continuous Deployment (CI/CD) practices",
                    "Best Practices for Rails Application Deployment"
                ]
            },
            {
                "chapterName": "Containerization and Orchestration with Docker and Kubernetes",
                "pages": [
                    "Introduction to Containerization and Orchestration",
                    "Using Docker for Containerization",
                    "Using Kubernetes for Orchestration",
                    "Best Practices for Containerization and Orchestration in Rails Applications"
                ]
            }
        ]
    }
]