{"topic": "Python", "totalPages": 215, "courses": {"getting-started-with-python": {"courseName": "Getting Started with Python", "slug": "getting-started-with-python", "chapters": {"diving-into-python-the-basics": {"name": "Diving Into Python: The Basics", "slug": "diving-into-python-the-basics", "pageCount": 5, "pages": {"gearing-up-the-essence-of-python-programming": {"name": "Gearing Up: The Essence of Python Programming", "slug": "gearing-up-the-essence-of-python-programming", "path": "out/course_material/python/content/getting-started-with-python/diving-into-python-the-basics/page-gearing-up-the-essence-of-python-programming.md"}, "python-syntax-first-steps-in-writing-code": {"name": "Python Syntax: First Steps in Writing Code", "slug": "python-syntax-first-steps-in-writing-code", "path": "out/course_material/python/content/getting-started-with-python/diving-into-python-the-basics/page-python-syntax-first-steps-in-writing-code.md"}, "variables-and-expressions-speaking-python": {"name": "Variables and Expressions: Speaking Python", "slug": "variables-and-expressions-speaking-python", "path": "out/course_material/python/content/getting-started-with-python/diving-into-python-the-basics/page-variables-and-expressions-speaking-python.md"}, "understanding-python-code-clean-code-and-documentation": {"name": "Understanding Python Code: Clean Code and Documentation", "slug": "understanding-python-code-clean-code-and-documentation", "path": "out/course_material/python/content/getting-started-with-python/diving-into-python-the-basics/page-understanding-python-code-clean-code-and-documentation.md"}, "closing-the-chapter-recap-and-best-practices": {"name": "Closing the Chapter: Recap and Best Practices", "slug": "closing-the-chapter-recap-and-best-practices", "path": "out/course_material/python/content/getting-started-with-python/diving-into-python-the-basics/page-closing-the-chapter-recap-and-best-practices.md"}}, "paths": ["out/course_material/python/content/getting-started-with-python/diving-into-python-the-basics/page-gearing-up-the-essence-of-python-programming.md", "out/course_material/python/content/getting-started-with-python/diving-into-python-the-basics/page-python-syntax-first-steps-in-writing-code.md", "out/course_material/python/content/getting-started-with-python/diving-into-python-the-basics/page-variables-and-expressions-speaking-python.md", "out/course_material/python/content/getting-started-with-python/diving-into-python-the-basics/page-understanding-python-code-clean-code-and-documentation.md", "out/course_material/python/content/getting-started-with-python/diving-into-python-the-basics/page-closing-the-chapter-recap-and-best-practices.md"]}, "data-types-and-structures-in-python": {"name": "Data Types and Structures in Python", "slug": "data-types-and-structures-in-python", "pageCount": 5, "pages": {"the-abcs-of-data-numbers-and-strings": {"name": "The ABCs of Data: Numbers and Strings", "slug": "the-abcs-of-data-numbers-and-strings", "path": "out/course_material/python/content/getting-started-with-python/data-types-and-structures-in-python/page-the-abcs-of-data-numbers-and-strings.md"}, "mixing-variables-playing-with-lists": {"name": "Mixing Variables: Playing with Lists", "slug": "mixing-variables-playing-with-lists", "path": "out/course_material/python/content/getting-started-with-python/data-types-and-structures-in-python/page-mixing-variables-playing-with-lists.md"}, "key-value-pairs-a-dive-into-dictionaries": {"name": "Key-Value Pairs: A Dive into Dictionaries", "slug": "key-value-pairs-a-dive-into-dictionaries", "path": "out/course_material/python/content/getting-started-with-python/data-types-and-structures-in-python/page-key-value-pairs-a-dive-into-dictionaries.md"}, "data-types-real-world-analogies": {"name": "Data Types: Real-World Analogies", "slug": "data-types-real-world-analogies", "path": "out/course_material/python/content/getting-started-with-python/data-types-and-structures-in-python/page-data-types-real-world-analogies.md"}, "data-types-galore-tips-and-tricks": {"name": "Data Types Galore: Tips and Tricks", "slug": "data-types-galore-tips-and-tricks", "path": "out/course_material/python/content/getting-started-with-python/data-types-and-structures-in-python/page-data-types-galore-tips-and-tricks.md"}}, "paths": ["out/course_material/python/content/getting-started-with-python/data-types-and-structures-in-python/page-the-abcs-of-data-numbers-and-strings.md", "out/course_material/python/content/getting-started-with-python/data-types-and-structures-in-python/page-mixing-variables-playing-with-lists.md", "out/course_material/python/content/getting-started-with-python/data-types-and-structures-in-python/page-key-value-pairs-a-dive-into-dictionaries.md", "out/course_material/python/content/getting-started-with-python/data-types-and-structures-in-python/page-data-types-real-world-analogies.md", "out/course_material/python/content/getting-started-with-python/data-types-and-structures-in-python/page-data-types-galore-tips-and-tricks.md"]}}, "pageCount": 10, "paths": ["out/course_material/python/content/getting-started-with-python/diving-into-python-the-basics/page-gearing-up-the-essence-of-python-programming.md", "out/course_material/python/content/getting-started-with-python/diving-into-python-the-basics/page-python-syntax-first-steps-in-writing-code.md", "out/course_material/python/content/getting-started-with-python/diving-into-python-the-basics/page-variables-and-expressions-speaking-python.md", "out/course_material/python/content/getting-started-with-python/diving-into-python-the-basics/page-understanding-python-code-clean-code-and-documentation.md", "out/course_material/python/content/getting-started-with-python/diving-into-python-the-basics/page-closing-the-chapter-recap-and-best-practices.md", "out/course_material/python/content/getting-started-with-python/data-types-and-structures-in-python/page-the-abcs-of-data-numbers-and-strings.md", "out/course_material/python/content/getting-started-with-python/data-types-and-structures-in-python/page-mixing-variables-playing-with-lists.md", "out/course_material/python/content/getting-started-with-python/data-types-and-structures-in-python/page-key-value-pairs-a-dive-into-dictionaries.md", "out/course_material/python/content/getting-started-with-python/data-types-and-structures-in-python/page-data-types-real-world-analogies.md", "out/course_material/python/content/getting-started-with-python/data-types-and-structures-in-python/page-data-types-galore-tips-and-tricks.md"]}, "control-flow-and-data-structures": {"courseName": "Control Flow and Data Structures", "slug": "control-flow-and-data-structures", "chapters": {"navigating-python-control-flow": {"name": "Navigating Python Control Flow", "slug": "navigating-python-control-flow", "pageCount": 5, "pages": {"understanding-how-python-moves-through-code": {"name": "Understanding How Python Moves Through Code", "slug": "understanding-how-python-moves-through-code", "path": "out/course_material/python/content/control-flow-and-data-structures/navigating-python-control-flow/page-understanding-how-python-moves-through-code.md"}, "the-if-statement-making-decisions-in-python": {"name": "The If Statement: Making Decisions in Python", "slug": "the-if-statement-making-decisions-in-python", "path": "out/course_material/python/content/control-flow-and-data-structures/navigating-python-control-flow/page-the-if-statement-making-decisions-in-python.md"}, "iterating-with-style-for-loops-unpacked": {"name": "Iterating with Style: For Loops Unpacked", "slug": "iterating-with-style-for-loops-unpacked", "path": "out/course_material/python/content/control-flow-and-data-structures/navigating-python-control-flow/page-iterating-with-style-for-loops-unpacked.md"}, "while-loops-the-power-of-condition-based-iteration": {"name": "While Loops: The Power of Condition-Based Iteration", "slug": "while-loops-the-power-of-condition-based-iteration", "path": "out/course_material/python/content/control-flow-and-data-structures/navigating-python-control-flow/page-while-loops-the-power-of-condition-based-iteration.md"}, "nested-loops-and-conditional-statements": {"name": "Nested Loops and Conditional Statements", "slug": "nested-loops-and-conditional-statements", "path": "out/course_material/python/content/control-flow-and-data-structures/navigating-python-control-flow/page-nested-loops-and-conditional-statements.md"}}, "paths": ["out/course_material/python/content/control-flow-and-data-structures/navigating-python-control-flow/page-understanding-how-python-moves-through-code.md", "out/course_material/python/content/control-flow-and-data-structures/navigating-python-control-flow/page-the-if-statement-making-decisions-in-python.md", "out/course_material/python/content/control-flow-and-data-structures/navigating-python-control-flow/page-iterating-with-style-for-loops-unpacked.md", "out/course_material/python/content/control-flow-and-data-structures/navigating-python-control-flow/page-while-loops-the-power-of-condition-based-iteration.md", "out/course_material/python/content/control-flow-and-data-structures/navigating-python-control-flow/page-nested-loops-and-conditional-statements.md"]}, "data-collections-lists-and-dictionaries-mastery": {"name": "Data Collections: Lists and Dictionaries Mastery", "slug": "data-collections-lists-and-dictionaries-mastery", "pageCount": 5, "pages": {"organizing-data-with-collections-an-overview": {"name": "Organizing Data with Collections: An Overview", "slug": "organizing-data-with-collections-an-overview", "path": "out/course_material/python/content/control-flow-and-data-structures/data-collections-lists-and-dictionaries-mastery/page-organizing-data-with-collections-an-overview.md"}, "lists-in-python-more-than-just-sequences": {"name": "Lists in Python: More Than Just Sequences", "slug": "lists-in-python-more-than-just-sequences", "path": "out/course_material/python/content/control-flow-and-data-structures/data-collections-lists-and-dictionaries-mastery/page-lists-in-python-more-than-just-sequences.md"}, "dictionaries-when-keys-meet-values": {"name": "Dictionaries: When Keys Meet Values", "slug": "dictionaries-when-keys-meet-values", "path": "out/course_material/python/content/control-flow-and-data-structures/data-collections-lists-and-dictionaries-mastery/page-dictionaries-when-keys-meet-values.md"}, "advanced-list-techniques-comprehensions-and-operations": {"name": "Advanced List Techniques: Comprehensions and Operations", "slug": "advanced-list-techniques-comprehensions-and-operations", "path": "out/course_material/python/content/control-flow-and-data-structures/data-collections-lists-and-dictionaries-mastery/page-advanced-list-techniques-comprehensions-and-operations.md"}, "manipulating-dictionaries-methods-and-iteration": {"name": "Manipulating Dictionaries: Methods and Iteration", "slug": "manipulating-dictionaries-methods-and-iteration", "path": "out/course_material/python/content/control-flow-and-data-structures/data-collections-lists-and-dictionaries-mastery/page-manipulating-dictionaries-methods-and-iteration.md"}}, "paths": ["out/course_material/python/content/control-flow-and-data-structures/data-collections-lists-and-dictionaries-mastery/page-organizing-data-with-collections-an-overview.md", "out/course_material/python/content/control-flow-and-data-structures/data-collections-lists-and-dictionaries-mastery/page-lists-in-python-more-than-just-sequences.md", "out/course_material/python/content/control-flow-and-data-structures/data-collections-lists-and-dictionaries-mastery/page-dictionaries-when-keys-meet-values.md", "out/course_material/python/content/control-flow-and-data-structures/data-collections-lists-and-dictionaries-mastery/page-advanced-list-techniques-comprehensions-and-operations.md", "out/course_material/python/content/control-flow-and-data-structures/data-collections-lists-and-dictionaries-mastery/page-manipulating-dictionaries-methods-and-iteration.md"]}, "getting-to-grips-with-sets-and-tuples": {"name": "Getting to Grips with Sets and Tuples", "slug": "getting-to-grips-with-sets-and-tuples", "pageCount": 5, "pages": {"sets-and-tuples-a-quick-introduction": {"name": "Sets and Tuples: A Quick Introduction", "slug": "sets-and-tuples-a-quick-introduction", "path": "out/course_material/python/content/control-flow-and-data-structures/getting-to-grips-with-sets-and-tuples/page-sets-and-tuples-a-quick-introduction.md"}, "immutability-and-efficiency-with-tuples": {"name": "Immutability and Efficiency with Tuples", "slug": "immutability-and-efficiency-with-tuples", "path": "out/course_material/python/content/control-flow-and-data-structures/getting-to-grips-with-sets-and-tuples/page-immutability-and-efficiency-with-tuples.md"}, "sets-unordered-collections-of-unique-elements": {"name": "Sets: Unordered Collections of Unique Elements", "slug": "sets-unordered-collections-of-unique-elements", "path": "out/course_material/python/content/control-flow-and-data-structures/getting-to-grips-with-sets-and-tuples/page-sets-unordered-collections-of-unique-elements.md"}, "set-operations-union-intersection-and-beyond": {"name": "Set Operations: Union, Intersection, and Beyond", "slug": "set-operations-union-intersection-and-beyond", "path": "out/course_material/python/content/control-flow-and-data-structures/getting-to-grips-with-sets-and-tuples/page-set-operations-union-intersection-and-beyond.md"}, "when-to-use-lists-sets-tuples-and-dictionaries": {"name": "When to Use Lists, Sets, Tuples, and Dictionaries", "slug": "when-to-use-lists-sets-tuples-and-dictionaries", "path": "out/course_material/python/content/control-flow-and-data-structures/getting-to-grips-with-sets-and-tuples/page-when-to-use-lists-sets-tuples-and-dictionaries.md"}}, "paths": ["out/course_material/python/content/control-flow-and-data-structures/getting-to-grips-with-sets-and-tuples/page-sets-and-tuples-a-quick-introduction.md", "out/course_material/python/content/control-flow-and-data-structures/getting-to-grips-with-sets-and-tuples/page-immutability-and-efficiency-with-tuples.md", "out/course_material/python/content/control-flow-and-data-structures/getting-to-grips-with-sets-and-tuples/page-sets-unordered-collections-of-unique-elements.md", "out/course_material/python/content/control-flow-and-data-structures/getting-to-grips-with-sets-and-tuples/page-set-operations-union-intersection-and-beyond.md", "out/course_material/python/content/control-flow-and-data-structures/getting-to-grips-with-sets-and-tuples/page-when-to-use-lists-sets-tuples-and-dictionaries.md"]}}, "pageCount": 15, "paths": ["out/course_material/python/content/control-flow-and-data-structures/navigating-python-control-flow/page-understanding-how-python-moves-through-code.md", "out/course_material/python/content/control-flow-and-data-structures/navigating-python-control-flow/page-the-if-statement-making-decisions-in-python.md", "out/course_material/python/content/control-flow-and-data-structures/navigating-python-control-flow/page-iterating-with-style-for-loops-unpacked.md", "out/course_material/python/content/control-flow-and-data-structures/navigating-python-control-flow/page-while-loops-the-power-of-condition-based-iteration.md", "out/course_material/python/content/control-flow-and-data-structures/navigating-python-control-flow/page-nested-loops-and-conditional-statements.md", "out/course_material/python/content/control-flow-and-data-structures/data-collections-lists-and-dictionaries-mastery/page-organizing-data-with-collections-an-overview.md", "out/course_material/python/content/control-flow-and-data-structures/data-collections-lists-and-dictionaries-mastery/page-lists-in-python-more-than-just-sequences.md", "out/course_material/python/content/control-flow-and-data-structures/data-collections-lists-and-dictionaries-mastery/page-dictionaries-when-keys-meet-values.md", "out/course_material/python/content/control-flow-and-data-structures/data-collections-lists-and-dictionaries-mastery/page-advanced-list-techniques-comprehensions-and-operations.md", "out/course_material/python/content/control-flow-and-data-structures/data-collections-lists-and-dictionaries-mastery/page-manipulating-dictionaries-methods-and-iteration.md", "out/course_material/python/content/control-flow-and-data-structures/getting-to-grips-with-sets-and-tuples/page-sets-and-tuples-a-quick-introduction.md", "out/course_material/python/content/control-flow-and-data-structures/getting-to-grips-with-sets-and-tuples/page-immutability-and-efficiency-with-tuples.md", "out/course_material/python/content/control-flow-and-data-structures/getting-to-grips-with-sets-and-tuples/page-sets-unordered-collections-of-unique-elements.md", "out/course_material/python/content/control-flow-and-data-structures/getting-to-grips-with-sets-and-tuples/page-set-operations-union-intersection-and-beyond.md", "out/course_material/python/content/control-flow-and-data-structures/getting-to-grips-with-sets-and-tuples/page-when-to-use-lists-sets-tuples-and-dictionaries.md"]}, "functions-and-error-handling": {"courseName": "Functions and Error Handling", "slug": "functions-and-error-handling", "chapters": {"the-building-blocks-functions-in-python": {"name": "The Building Blocks: Functions in Python", "slug": "the-building-blocks-functions-in-python", "pageCount": 5, "pages": {"introduction-to-python-functions": {"name": "Introduction to Python Functions", "slug": "introduction-to-python-functions", "path": "out/course_material/python/content/functions-and-error-handling/the-building-blocks-functions-in-python/page-introduction-to-python-functions.md"}, "defining-and-calling-functions": {"name": "Defining and Calling Functions", "slug": "defining-and-calling-functions", "path": "out/course_material/python/content/functions-and-error-handling/the-building-blocks-functions-in-python/page-defining-and-calling-functions.md"}, "function-arguments-and-parameters": {"name": "Function Arguments and Parameters", "slug": "function-arguments-and-parameters", "path": "out/course_material/python/content/functions-and-error-handling/the-building-blocks-functions-in-python/page-function-arguments-and-parameters.md"}, "return-values-and-function-scope": {"name": "Return Values and Function Scope", "slug": "return-values-and-function-scope", "path": "out/course_material/python/content/functions-and-error-handling/the-building-blocks-functions-in-python/page-return-values-and-function-scope.md"}, "best-practices-in-writing-functions": {"name": "Best Practices in Writing Functions", "slug": "best-practices-in-writing-functions", "path": "out/course_material/python/content/functions-and-error-handling/the-building-blocks-functions-in-python/page-best-practices-in-writing-functions.md"}}, "paths": ["out/course_material/python/content/functions-and-error-handling/the-building-blocks-functions-in-python/page-introduction-to-python-functions.md", "out/course_material/python/content/functions-and-error-handling/the-building-blocks-functions-in-python/page-defining-and-calling-functions.md", "out/course_material/python/content/functions-and-error-handling/the-building-blocks-functions-in-python/page-function-arguments-and-parameters.md", "out/course_material/python/content/functions-and-error-handling/the-building-blocks-functions-in-python/page-return-values-and-function-scope.md", "out/course_material/python/content/functions-and-error-handling/the-building-blocks-functions-in-python/page-best-practices-in-writing-functions.md"]}, "caught-red-handed-error-management-in-python": {"name": "Caught Red-Handed: Error Management in Python", "slug": "caught-red-handed-error-management-in-python", "pageCount": 5, "pages": {"understanding-errors-and-exceptions": {"name": "Understanding Errors and Exceptions", "slug": "understanding-errors-and-exceptions", "path": "out/course_material/python/content/functions-and-error-handling/caught-red-handed-error-management-in-python/page-understanding-errors-and-exceptions.md"}, "the-try-except-structure": {"name": "The Try-Except Structure", "slug": "the-try-except-structure", "path": "out/course_material/python/content/functions-and-error-handling/caught-red-handed-error-management-in-python/page-the-try-except-structure.md"}, "raising-exceptions-with-raise": {"name": "Raising Exceptions with Raise", "slug": "raising-exceptions-with-raise", "path": "out/course_material/python/content/functions-and-error-handling/caught-red-handed-error-management-in-python/page-raising-exceptions-with-raise.md"}, "custom-exception-classes": {"name": "Custom Exception Classes", "slug": "custom-exception-classes", "path": "out/course_material/python/content/functions-and-error-handling/caught-red-handed-error-management-in-python/page-custom-exception-classes.md"}, "debugging-techniques-and-tips": {"name": "Debugging Techniques and Tips", "slug": "debugging-techniques-and-tips", "path": "out/course_material/python/content/functions-and-error-handling/caught-red-handed-error-management-in-python/page-debugging-techniques-and-tips.md"}}, "paths": ["out/course_material/python/content/functions-and-error-handling/caught-red-handed-error-management-in-python/page-understanding-errors-and-exceptions.md", "out/course_material/python/content/functions-and-error-handling/caught-red-handed-error-management-in-python/page-the-try-except-structure.md", "out/course_material/python/content/functions-and-error-handling/caught-red-handed-error-management-in-python/page-raising-exceptions-with-raise.md", "out/course_material/python/content/functions-and-error-handling/caught-red-handed-error-management-in-python/page-custom-exception-classes.md", "out/course_material/python/content/functions-and-error-handling/caught-red-handed-error-management-in-python/page-debugging-techniques-and-tips.md"]}}, "pageCount": 10, "paths": ["out/course_material/python/content/functions-and-error-handling/the-building-blocks-functions-in-python/page-introduction-to-python-functions.md", "out/course_material/python/content/functions-and-error-handling/the-building-blocks-functions-in-python/page-defining-and-calling-functions.md", "out/course_material/python/content/functions-and-error-handling/the-building-blocks-functions-in-python/page-function-arguments-and-parameters.md", "out/course_material/python/content/functions-and-error-handling/the-building-blocks-functions-in-python/page-return-values-and-function-scope.md", "out/course_material/python/content/functions-and-error-handling/the-building-blocks-functions-in-python/page-best-practices-in-writing-functions.md", "out/course_material/python/content/functions-and-error-handling/caught-red-handed-error-management-in-python/page-understanding-errors-and-exceptions.md", "out/course_material/python/content/functions-and-error-handling/caught-red-handed-error-management-in-python/page-the-try-except-structure.md", "out/course_material/python/content/functions-and-error-handling/caught-red-handed-error-management-in-python/page-raising-exceptions-with-raise.md", "out/course_material/python/content/functions-and-error-handling/caught-red-handed-error-management-in-python/page-custom-exception-classes.md", "out/course_material/python/content/functions-and-error-handling/caught-red-handed-error-management-in-python/page-debugging-techniques-and-tips.md"]}, "python-modules-and-file-operations": {"courseName": "Python Modules and File Operations", "slug": "python-modules-and-file-operations", "chapters": {"unlocking-python-modules-and-libraries": {"name": "Unlocking Python Modules and Libraries", "slug": "unlocking-python-modules-and-libraries", "pageCount": 5, "pages": {"introduction-to-python-modules": {"name": "Introduction to Python Modules", "slug": "introduction-to-python-modules", "path": "out/course_material/python/content/python-modules-and-file-operations/unlocking-python-modules-and-libraries/page-introduction-to-python-modules.md"}, "importing-modules-the-basics": {"name": "Importing Modules: The Basics", "slug": "importing-modules-the-basics", "path": "out/course_material/python/content/python-modules-and-file-operations/unlocking-python-modules-and-libraries/page-importing-modules-the-basics.md"}, "exploring-standard-libraries-sys-and-os": {"name": "Exploring Standard Libraries: sys and os", "slug": "exploring-standard-libraries-sys-and-os", "path": "out/course_material/python/content/python-modules-and-file-operations/unlocking-python-modules-and-libraries/page-exploring-standard-libraries-sys-and-os.md"}, "third-party-libraries-pip-and-pypi": {"name": "Third-Party Libraries: pip and PyPI", "slug": "third-party-libraries-pip-and-pypi", "path": "out/course_material/python/content/python-modules-and-file-operations/unlocking-python-modules-and-libraries/page-third-party-libraries-pip-and-pypi.md"}, "creating-and-sharing-your-own-modules": {"name": "Creating and Sharing Your Own Modules", "slug": "creating-and-sharing-your-own-modules"}}, "paths": ["out/course_material/python/content/python-modules-and-file-operations/unlocking-python-modules-and-libraries/page-introduction-to-python-modules.md", "out/course_material/python/content/python-modules-and-file-operations/unlocking-python-modules-and-libraries/page-importing-modules-the-basics.md", "out/course_material/python/content/python-modules-and-file-operations/unlocking-python-modules-and-libraries/page-exploring-standard-libraries-sys-and-os.md", "out/course_material/python/content/python-modules-and-file-operations/unlocking-python-modules-and-libraries/page-third-party-libraries-pip-and-pypi.md"]}, "navigating-the-file-system-with-python": {"name": "Navigating the File System with Python", "slug": "navigating-the-file-system-with-python", "pageCount": 5, "pages": {"file-operations-opening-and-closing-files": {"name": "File Operations: Opening and Closing Files", "slug": "file-operations-opening-and-closing-files"}, "reading-from-and-writing-to-files": {"name": "Reading from and Writing to Files", "slug": "reading-from-and-writing-to-files"}, "working-with-file-paths-and-directories": {"name": "Working with File Paths and Directories", "slug": "working-with-file-paths-and-directories"}, "handling-file-exceptions": {"name": "Handling File Exceptions", "slug": "handling-file-exceptions"}, "best-practices-in-file-management": {"name": "Best Practices in File Management", "slug": "best-practices-in-file-management"}}, "paths": []}, "beyond-basics-advanced-file-operations": {"name": "Beyond Basics: Advanced File Operations", "slug": "beyond-basics-advanced-file-operations", "pageCount": 5, "pages": {"binary-files-and-byte-data": {"name": "Binary Files and Byte Data", "slug": "binary-files-and-byte-data"}, "working-with-json-and-csv-files-in-python": {"name": "Working with JSON and CSV Files in Python", "slug": "working-with-json-and-csv-files-in-python"}, "automating-file-tasks-with-python-scripts": {"name": "Automating File Tasks with Python Scripts", "slug": "automating-file-tasks-with-python-scripts"}, "file-encodings-and-unicode": {"name": "File Encodings and Unicode", "slug": "file-encodings-and-unicode"}, "leveraging-context-managers-for-file-io": {"name": "Leveraging Context Managers for File I/O", "slug": "leveraging-context-managers-for-file-io"}}, "paths": []}}, "pageCount": 15, "paths": ["out/course_material/python/content/python-modules-and-file-operations/unlocking-python-modules-and-libraries/page-introduction-to-python-modules.md", "out/course_material/python/content/python-modules-and-file-operations/unlocking-python-modules-and-libraries/page-importing-modules-the-basics.md", "out/course_material/python/content/python-modules-and-file-operations/unlocking-python-modules-and-libraries/page-exploring-standard-libraries-sys-and-os.md", "out/course_material/python/content/python-modules-and-file-operations/unlocking-python-modules-and-libraries/page-third-party-libraries-pip-and-pypi.md"]}, "object-oriented-programming-with-python": {"courseName": "Object-Oriented Programming with Python", "slug": "object-oriented-programming-with-python", "chapters": {"grasping-the-pillars-of-oop": {"name": "Grasping the Pillars of OOP", "slug": "grasping-the-pillars-of-oop", "pageCount": 5, "pages": {"introduction-to-object-oriented-programming": {"name": "Introduction to Object-Oriented Programming", "slug": "introduction-to-object-oriented-programming"}, "understanding-classes-and-objects": {"name": "Understanding Classes and Objects", "slug": "understanding-classes-and-objects"}, "exploring-properties-and-methods": {"name": "Exploring Properties and Methods", "slug": "exploring-properties-and-methods"}, "the-four-pillars-of-oop-explained": {"name": "The Four Pillars of OOP Explained", "slug": "the-four-pillars-of-oop-explained"}, "quick-dive-into-encapsulation": {"name": "Quick Dive into Encapsulation", "slug": "quick-dive-into-encapsulation"}}, "paths": []}, "inheritance-and-friends-in-python": {"name": "Inheritance and Friends in Python", "slug": "inheritance-and-friends-in-python", "pageCount": 5, "pages": {"the-concept-of-inheritance-explained": {"name": "The Concept of Inheritance Explained", "slug": "the-concept-of-inheritance-explained"}, "deep-dive-implementing-inheritance-in-python": {"name": "Deep Dive: Implementing Inheritance in Python", "slug": "deep-dive-implementing-inheritance-in-python"}, "polymorphism-many-forms-one-interface": {"name": "Polymorphism: Many Forms, One Interface", "slug": "polymorphism-many-forms-one-interface"}, "understanding-method-overriding-and-overloading": {"name": "Understanding Method Overriding and Overloading", "slug": "understanding-method-overriding-and-overloading"}, "mixins-and-multiple-inheritance": {"name": "Mixins and Multiple Inheritance", "slug": "mixins-and-multiple-inheritance"}}, "paths": []}, "applying-oop-concepts-in-python": {"name": "Applying OOP Concepts in Python", "slug": "applying-oop-concepts-in-python", "pageCount": 5, "pages": {"from-theory-to-practice-setting-up-your-oop-project": {"name": "From Theory to Practice: Setting Up Your OOP Project", "slug": "from-theory-to-practice-setting-up-your-oop-project"}, "designing-your-first-python-class": {"name": "Designing Your First Python Class", "slug": "designing-your-first-python-class"}, "interacting-with-objects-a-hands-on-approach": {"name": "Interacting with Objects: A Hands-On Approach", "slug": "interacting-with-objects-a-hands-on-approach"}, "refactoring-with-oop-improving-your-code": {"name": "Refactoring with OOP: Improving Your Code", "slug": "refactoring-with-oop-improving-your-code"}, "common-oop-design-patterns-in-python": {"name": "Common OOP Design Patterns in Python", "slug": "common-oop-design-patterns-in-python"}}, "paths": []}}, "pageCount": 15, "paths": []}, "python-for-data-manipulation": {"courseName": "Python for Data Manipulation", "slug": "python-for-data-manipulation", "chapters": {"python-data-mastery-starting-with-the-basics": {"name": "Python Data Mastery: Starting with the Basics", "slug": "python-data-mastery-starting-with-the-basics", "pageCount": 5, "pages": {"introduction-to-python-for-data-manipulation": {"name": "Introduction to Python for Data Manipulation", "slug": "introduction-to-python-for-data-manipulation"}, "understanding-python-data-types-for-data-handling": {"name": "Understanding Python Data Types for Data Handling", "slug": "understanding-python-data-types-for-data-handling"}, "exploring-datetime-pythons-gateway-to-time-data": {"name": "Exploring Datetime: Python\u2019s Gateway to Time Data", "slug": "exploring-datetime-pythons-gateway-to-time-data"}, "lists-and-dictionaries-organizing-data": {"name": "Lists and Dictionaries: Organizing Data", "slug": "lists-and-dictionaries-organizing-data"}, "importing-and-using-the-datetime-module": {"name": "Importing and Using the datetime Module", "slug": "importing-and-using-the-datetime-module"}}, "paths": []}, "taking-control-advanced-data-handling-in-python": {"name": "Taking Control: Advanced Data Handling in Python", "slug": "taking-control-advanced-data-handling-in-python", "pageCount": 5, "pages": {"advanced-data-handling-an-overview": {"name": "Advanced Data Handling: An Overview", "slug": "advanced-data-handling-an-overview"}, "diving-into-numpy-operations-and-array-handling": {"name": "Diving into NumPy: Operations and Array Handling", "slug": "diving-into-numpy-operations-and-array-handling"}, "data-wrangling-with-pandas": {"name": "Data Wrangling with Pandas", "slug": "data-wrangling-with-pandas"}, "pandas-in-action-data-analysis-techniques": {"name": "Pandas in Action: Data Analysis Techniques", "slug": "pandas-in-action-data-analysis-techniques"}, "bringing-it-all-together-real-world-data-manipulation-examples": {"name": "Bringing it All Together: Real-World Data Manipulation Examples", "slug": "bringing-it-all-together-real-world-data-manipulation-examples"}}, "paths": []}, "efficient-data-manipulation-tips-and-tools": {"name": "Efficient Data Manipulation: Tips and Tools", "slug": "efficient-data-manipulation-tips-and-tools", "pageCount": 5, "pages": {"introduction-to-efficient-data-manipulation": {"name": "Introduction to Efficient Data Manipulation", "slug": "introduction-to-efficient-data-manipulation"}, "using-functions-for-data-processing-tasks": {"name": "Using Functions for Data Processing Tasks", "slug": "using-functions-for-data-processing-tasks"}, "leveraging-python-libraries-for-performance": {"name": "Leveraging Python Libraries for Performance", "slug": "leveraging-python-libraries-for-performance"}, "handling-large-datasets-best-practices": {"name": "Handling Large Datasets: Best Practices", "slug": "handling-large-datasets-best-practices"}, "recap-strategies-for-optimizing-data-manipulation": {"name": "Recap: Strategies for Optimizing Data Manipulation", "slug": "recap-strategies-for-optimizing-data-manipulation"}}, "paths": []}}, "pageCount": 15, "paths": []}, "advanced-python-features": {"courseName": "Advanced Python Features", "slug": "advanced-python-features", "chapters": {"exploring-functional-programming-in-python": {"name": "Exploring Functional Programming in Python", "slug": "exploring-functional-programming-in-python", "pageCount": 5, "pages": {"introduction-to-functional-programming-concepts": {"name": "Introduction to Functional Programming Concepts", "slug": "introduction-to-functional-programming-concepts"}, "first-class-functions-and-higher-order-functions-in-python": {"name": "First-Class Functions and Higher-Order Functions in Python", "slug": "first-class-functions-and-higher-order-functions-in-python"}, "immutability-and-pure-functions-the-functional-way": {"name": "Immutability and Pure Functions: The Functional Way", "slug": "immutability-and-pure-functions-the-functional-way"}, "the-power-of-lambda-functions-in-python": {"name": "The Power of Lambda Functions in Python", "slug": "the-power-of-lambda-functions-in-python"}, "using-map-filter-and-reduce-for-functional-operations": {"name": "Using Map, Filter, and Reduce for Functional Operations", "slug": "using-map-filter-and-reduce-for-functional-operations"}}, "paths": []}, "iterating-the-pythonic-way": {"name": "Iterating the Pythonic Way", "slug": "iterating-the-pythonic-way", "pageCount": 5, "pages": {"introduction-to-iterators-and-generators": {"name": "Introduction to Iterators and Generators", "slug": "introduction-to-iterators-and-generators"}, "understanding-python-iterators-behind-the-loops": {"name": "Understanding Python Iterators: Behind the Loops", "slug": "understanding-python-iterators-behind-the-loops"}, "generator-functions-creating-iterators-on-the-fly": {"name": "Generator Functions: Creating Iterators on the Fly", "slug": "generator-functions-creating-iterators-on-the-fly"}, "leveraging-list-comprehensions-for-readable-code": {"name": "Leveraging List Comprehensions for Readable Code", "slug": "leveraging-list-comprehensions-for-readable-code"}, "generator-expressions-efficient-data-streaming": {"name": "Generator Expressions: Efficient Data Streaming", "slug": "generator-expressions-efficient-data-streaming"}}, "paths": []}, "diving-deeper-into-advanced-features": {"name": "Diving Deeper into Advanced Features", "slug": "diving-deeper-into-advanced-features", "pageCount": 5, "pages": {"advanced-python-the-big-picture": {"name": "Advanced Python: The Big Picture", "slug": "advanced-python-the-big-picture"}, "decorators-enhancing-function-behaviors": {"name": "Decorators: Enhancing Function Behaviors", "slug": "decorators-enhancing-function-behaviors"}, "context-managers-efficient-resource-management": {"name": "Context Managers: Efficient Resource Management", "slug": "context-managers-efficient-resource-management"}, "metaprogramming-manipulating-python-code": {"name": "Metaprogramming: Manipulating Python Code", "slug": "metaprogramming-manipulating-python-code"}, "python-bytecode-peeking-under-the-hood": {"name": "Python Bytecode: Peeking Under the Hood", "slug": "python-bytecode-peeking-under-the-hood"}}, "paths": []}}, "pageCount": 15, "paths": []}, "python-asynchronous-programming-and-testing": {"courseName": "Python Asynchronous Programming and Testing", "slug": "python-asynchronous-programming-and-testing", "chapters": {"conquering-asynchronous-programming-in-python": {"name": "Conquering Asynchronous Programming in Python", "slug": "conquering-asynchronous-programming-in-python", "pageCount": 5, "pages": {"asynchronous-programming-the-what-and-the-why": {"name": "Asynchronous Programming: The What and The Why", "slug": "asynchronous-programming-the-what-and-the-why"}, "understanding-asyncio-pythons-asynchronous-io-framework": {"name": "Understanding Asyncio: Python\u2019s Asynchronous I/O Framework", "slug": "understanding-asyncio-pythons-asynchronous-io-framework"}, "writing-asynchronous-functions-with-async-and-await": {"name": "Writing Asynchronous Functions with async and await", "slug": "writing-asynchronous-functions-with-async-and-await"}, "managing-tasks-and-event-loops": {"name": "Managing Tasks and Event Loops", "slug": "managing-tasks-and-event-loops"}, "real-world-examples-of-asynchronous-programming": {"name": "Real World Examples of Asynchronous Programming", "slug": "real-world-examples-of-asynchronous-programming"}}, "paths": []}, "python-testing-fundamentals": {"name": "Python Testing Fundamentals", "slug": "python-testing-fundamentals", "pageCount": 5, "pages": {"introduction-to-testing-in-python": {"name": "Introduction to Testing in Python", "slug": "introduction-to-testing-in-python"}, "unveiling-unit-testing-with-unittest": {"name": "Unveiling Unit Testing with unittest", "slug": "unveiling-unit-testing-with-unittest"}, "behavior-testing-with-pytest": {"name": "Behavior Testing with pytest", "slug": "behavior-testing-with-pytest"}, "test-driven-development-tdd-basics": {"name": "Test-Driven Development (TDD) Basics", "slug": "test-driven-development-tdd-basics"}, "mocking-and-patching-for-testing-in-python": {"name": "Mocking and Patching for Testing in Python", "slug": "mocking-and-patching-for-testing-in-python"}}, "paths": []}, "from-asynchronous-code-to-tests-in-action": {"name": "From Asynchronous Code to Tests in Action", "slug": "from-asynchronous-code-to-tests-in-action", "pageCount": 5, "pages": {"integrating-asynchronous-code-with-tests": {"name": "Integrating Asynchronous Code with Tests", "slug": "integrating-asynchronous-code-with-tests"}, "writing-testable-asynchronous-code": {"name": "Writing Testable Asynchronous Code", "slug": "writing-testable-asynchronous-code"}, "automated-testing-for-async-applications": {"name": "Automated Testing for Async Applications", "slug": "automated-testing-for-async-applications"}, "debugging-asynchronous-python-programs": {"name": "Debugging Asynchronous Python Programs", "slug": "debugging-asynchronous-python-programs"}, "best-practices-for-asynchronous-testing": {"name": "Best Practices for Asynchronous Testing", "slug": "best-practices-for-asynchronous-testing"}}, "paths": []}}, "pageCount": 15, "paths": []}, "python-and-the-web": {"courseName": "Python and the Web", "slug": "python-and-the-web", "chapters": {"weaving-the-web-with-python": {"name": "Weaving the Web with Python", "slug": "weaving-the-web-with-python", "pageCount": 5, "pages": {"chapter-introduction-diving-into-web-development-with-python": {"name": "Chapter Introduction: Diving Into Web Development with Python", "slug": "chapter-introduction-diving-into-web-development-with-python"}, "setting-up-your-web-development-environment": {"name": "Setting Up Your Web Development Environment", "slug": "setting-up-your-web-development-environment"}, "an-overview-of-python-web-frameworks": {"name": "An Overview of Python Web Frameworks", "slug": "an-overview-of-python-web-frameworks"}, "hello-world-your-first-web-application": {"name": "Hello World: Your First Web Application", "slug": "hello-world-your-first-web-application"}, "understanding-http-requests-and-responses": {"name": "Understanding HTTP Requests and Responses", "slug": "understanding-http-requests-and-responses"}}, "paths": []}, "enhancing-web-apps-with-flask": {"name": "Enhancing Web Apps with Flask", "slug": "enhancing-web-apps-with-flask", "pageCount": 5, "pages": {"chapter-introduction-flask---a-micro-web-framework": {"name": "Chapter Introduction: Flask - A Micro Web Framework", "slug": "chapter-introduction-flask---a-micro-web-framework"}, "routing-and-view-functions-in-flask": {"name": "Routing and View Functions in Flask", "slug": "routing-and-view-functions-in-flask"}, "templates-and-static-content": {"name": "Templates and Static Content", "slug": "templates-and-static-content"}, "flask-extensions-and-blueprints-for-larger-applications": {"name": "Flask Extensions and Blueprints for Larger Applications", "slug": "flask-extensions-and-blueprints-for-larger-applications"}, "debugging-and-error-handling-in-flask-applications": {"name": "Debugging and Error Handling in Flask Applications", "slug": "debugging-and-error-handling-in-flask-applications"}}, "paths": []}, "deploying-python-web-applications": {"name": "Deploying Python Web Applications", "slug": "deploying-python-web-applications", "pageCount": 5, "pages": {"chapter-introduction-from-development-to-production": {"name": "Chapter Introduction: From Development to Production", "slug": "chapter-introduction-from-development-to-production"}, "best-practices-in-web-application-deployment": {"name": "Best Practices in Web Application Deployment", "slug": "best-practices-in-web-application-deployment"}, "introduction-to-wsgi-servers-and-cloud-hosting": {"name": "Introduction to WSGI Servers and Cloud Hosting", "slug": "introduction-to-wsgi-servers-and-cloud-hosting"}, "continuous-integration-and-continuous-delivery-cicd-pipelines": {"name": "Continuous Integration and Continuous Delivery (CI/CD) Pipelines", "slug": "continuous-integration-and-continuous-delivery-cicd-pipelines"}, "monitoring-and-scaling-your-python-web-application": {"name": "Monitoring and Scaling Your Python Web Application", "slug": "monitoring-and-scaling-your-python-web-application"}}, "paths": []}}, "pageCount": 15, "paths": []}, "python-specializations": {"courseName": "Python Specializations", "slug": "python-specializations", "chapters": {"diving-into-scientific-computing": {"name": "Diving into Scientific Computing", "slug": "diving-into-scientific-computing", "pageCount": 5, "pages": {"introduction-to-scientific-computing-in-python": {"name": "Introduction to Scientific Computing in Python", "slug": "introduction-to-scientific-computing-in-python"}, "navigating-numpy-multidimensional-arrays-and-operations": {"name": "Navigating NumPy: Multidimensional Arrays and Operations", "slug": "navigating-numpy-multidimensional-arrays-and-operations"}, "data-analysis-with-scipy-from-basics-to-advanced": {"name": "Data Analysis with SciPy: From Basics to Advanced", "slug": "data-analysis-with-scipy-from-basics-to-advanced"}, "matplotlib-and-beyond-plotting-and-visualization": {"name": "Matplotlib and Beyond: Plotting and Visualization", "slug": "matplotlib-and-beyond-plotting-and-visualization"}, "optimizing-computations-profiling-and-efficient-code": {"name": "Optimizing Computations: Profiling and Efficient Code", "slug": "optimizing-computations-profiling-and-efficient-code"}}, "paths": []}, "machine-learning-and-data-visualization-essentials": {"name": "Machine Learning and Data Visualization Essentials", "slug": "machine-learning-and-data-visualization-essentials", "pageCount": 5, "pages": {"machine-learning-with-python-an-overview": {"name": "Machine Learning with Python: An Overview", "slug": "machine-learning-with-python-an-overview"}, "essential-libraries-scikit-learn-and-tensorflow-basics": {"name": "Essential Libraries: Scikit-learn and TensorFlow Basics", "slug": "essential-libraries-scikit-learn-and-tensorflow-basics"}, "a-walkthrough-of-a-machine-learning-project-lifecycle": {"name": "A Walkthrough of a Machine Learning Project Lifecycle", "slug": "a-walkthrough-of-a-machine-learning-project-lifecycle"}, "data-visualization-tools-matplotlib-seaborn-and-pandas": {"name": "Data Visualization Tools: Matplotlib, Seaborn, and Pandas", "slug": "data-visualization-tools-matplotlib-seaborn-and-pandas"}, "advanced-visualization-interactive-plots-and-customization": {"name": "Advanced Visualization: Interactive Plots and Customization", "slug": "advanced-visualization-interactive-plots-and-customization"}}, "paths": []}, "python-in-ai-and-advanced-data-analysis": {"name": "Python in AI and Advanced Data Analysis", "slug": "python-in-ai-and-advanced-data-analysis", "pageCount": 5, "pages": {"artificial-intelligence-with-python-the-landscape": {"name": "Artificial Intelligence with Python: The Landscape", "slug": "artificial-intelligence-with-python-the-landscape"}, "deep-learning-concepts-neural-networks-with-keras": {"name": "Deep Learning Concepts: Neural Networks with Keras", "slug": "deep-learning-concepts-neural-networks-with-keras"}, "natural-language-processing-nlp-text-manipulation-techniques": {"name": "Natural Language Processing (NLP): Text Manipulation Techniques", "slug": "natural-language-processing-nlp-text-manipulation-techniques"}, "image-and-audio-processing-with-python-libraries": {"name": "Image and Audio Processing with Python Libraries", "slug": "image-and-audio-processing-with-python-libraries"}, "time-series-analysis-pandas-at-work-with-temporal-data": {"name": "Time Series Analysis: Pandas at Work with Temporal Data", "slug": "time-series-analysis-pandas-at-work-with-temporal-data"}}, "paths": []}}, "pageCount": 15, "paths": []}, "python-scripting-and-automation": {"courseName": "Python Scripting and Automation", "slug": "python-scripting-and-automation", "chapters": {"automating-your-world-with-python": {"name": "Automating Your World with Python", "slug": "automating-your-world-with-python", "pageCount": 5, "pages": {"introduction-to-python-automation": {"name": "Introduction to Python Automation", "slug": "introduction-to-python-automation"}, "understanding-automation-scripts": {"name": "Understanding Automation Scripts", "slug": "understanding-automation-scripts"}, "setting-up-your-python-environment-for-automation": {"name": "Setting Up Your Python Environment for Automation", "slug": "setting-up-your-python-environment-for-automation"}, "exploring-standard-libraries-for-task-automation": {"name": "Exploring Standard Libraries for Task Automation", "slug": "exploring-standard-libraries-for-task-automation"}, "real-life-examples-of-python-automation": {"name": "Real-Life Examples of Python Automation", "slug": "real-life-examples-of-python-automation"}}, "paths": []}, "diving-into-python-scripting": {"name": "Diving Into Python Scripting", "slug": "diving-into-python-scripting", "pageCount": 5, "pages": {"scripting-with-python-the-essentials": {"name": "Scripting with Python: The Essentials", "slug": "scripting-with-python-the-essentials"}, "writing-your-first-python-script": {"name": "Writing Your First Python Script", "slug": "writing-your-first-python-script"}, "python-scripting-best-practices": {"name": "Python Scripting Best Practices", "slug": "python-scripting-best-practices"}, "error-handling-in-scripts": {"name": "Error Handling in Scripts", "slug": "error-handling-in-scripts"}, "scheduling-python-scripts-with-task-schedulers": {"name": "Scheduling Python Scripts with Task Schedulers", "slug": "scheduling-python-scripts-with-task-schedulers"}}, "paths": []}, "game-crafting-with-python": {"name": "Game Crafting with Python", "slug": "game-crafting-with-python", "pageCount": 5, "pages": {"introduction-to-game-development-with-python": {"name": "Introduction to Game Development with Python", "slug": "introduction-to-game-development-with-python"}, "setting-up-for-python-game-development": {"name": "Setting Up for Python Game Development", "slug": "setting-up-for-python-game-development"}, "creating-a-simple-game-with-pygame": {"name": "Creating a Simple Game with Pygame", "slug": "creating-a-simple-game-with-pygame"}, "game-loops-and-event-handling": {"name": "Game Loops and Event Handling", "slug": "game-loops-and-event-handling"}, "from-game-script-to-standalone-application": {"name": "From Game Script to Standalone Application", "slug": "from-game-script-to-standalone-application"}}, "paths": []}}, "pageCount": 15, "paths": []}, "python-in-practice": {"courseName": "Python in Practice", "slug": "python-in-practice", "chapters": {"interacting-with-databases-using-python": {"name": "Interacting with Databases Using Python", "slug": "interacting-with-databases-using-python", "pageCount": 5, "pages": {"introduction-to-database-connectivity": {"name": "Introduction to Database Connectivity", "slug": "introduction-to-database-connectivity"}, "setting-up-a-database-connection": {"name": "Setting up a Database Connection", "slug": "setting-up-a-database-connection"}, "executing-queries-and-managing-data": {"name": "Executing Queries and Managing Data", "slug": "executing-queries-and-managing-data"}, "leveraging-orms-sqlalchemy-overview": {"name": "Leveraging ORMs: SQLAlchemy Overview", "slug": "leveraging-orms-sqlalchemy-overview"}, "best-practices-for-database-operations": {"name": "Best Practices for Database Operations", "slug": "best-practices-for-database-operations"}}, "paths": []}, "enforcing-security-in-python-projects": {"name": "Enforcing Security in Python Projects", "slug": "enforcing-security-in-python-projects", "pageCount": 5, "pages": {"the-importance-of-security-in-programming": {"name": "The Importance of Security in Programming", "slug": "the-importance-of-security-in-programming"}, "common-python-security-vulnerabilities": {"name": "Common Python Security Vulnerabilities", "slug": "common-python-security-vulnerabilities"}, "implementing-encryption-with-hashlib-and-pycrypto": {"name": "Implementing Encryption with hashlib and PyCrypto", "slug": "implementing-encryption-with-hashlib-and-pycrypto"}, "secure-authentication-and-authorization-practices": {"name": "Secure Authentication and Authorization Practices", "slug": "secure-authentication-and-authorization-practices"}, "auditing-and-improving-code-security": {"name": "Auditing and Improving Code Security", "slug": "auditing-and-improving-code-security"}}, "paths": []}, "the-real-world-python-toolkit": {"name": "The Real-World Python Toolkit", "slug": "the-real-world-python-toolkit", "pageCount": 5, "pages": {"overview-of-real-world-python-applications": {"name": "Overview of Real-World Python Applications", "slug": "overview-of-real-world-python-applications"}, "integrating-python-with-other-systems": {"name": "Integrating Python with Other Systems", "slug": "integrating-python-with-other-systems"}, "automating-repetitive-tasks-effectively": {"name": "Automating Repetitive Tasks Effectively", "slug": "automating-repetitive-tasks-effectively"}, "deploying-python-applications": {"name": "Deploying Python Applications", "slug": "deploying-python-applications"}, "troubleshooting-and-debugging-tips": {"name": "Troubleshooting and Debugging Tips", "slug": "troubleshooting-and-debugging-tips"}}, "paths": []}}, "pageCount": 15, "paths": []}, "optimizing-python-code": {"courseName": "Optimizing Python Code", "slug": "optimizing-python-code", "chapters": {"streamlining-python-performance": {"name": "Streamlining Python Performance", "slug": "streamlining-python-performance", "pageCount": 5, "pages": {"introduction-to-python-optimization": {"name": "Introduction to Python Optimization", "slug": "introduction-to-python-optimization"}, "profiling-python-code-for-performance-issues": {"name": "Profiling Python Code for Performance Issues", "slug": "profiling-python-code-for-performance-issues"}, "strategies-for-reducing-runtime": {"name": "Strategies for Reducing Runtime", "slug": "strategies-for-reducing-runtime"}, "efficient-use-of-data-structures": {"name": "Efficient Use of Data Structures", "slug": "efficient-use-of-data-structures"}, "leveraging-python-standard-library-for-performance": {"name": "Leveraging Python Standard Library for Performance", "slug": "leveraging-python-standard-library-for-performance"}}, "paths": []}, "advanced-optimization-techniques": {"name": "Advanced Optimization Techniques", "slug": "advanced-optimization-techniques", "pageCount": 5, "pages": {"understanding-algorithm-complexity": {"name": "Understanding Algorithm Complexity", "slug": "understanding-algorithm-complexity"}, "in-depth-with-big-o-notation": {"name": "In-depth With Big O Notation", "slug": "in-depth-with-big-o-notation"}, "writing-efficient-algorithms-in-python": {"name": "Writing Efficient Algorithms in Python", "slug": "writing-efficient-algorithms-in-python"}, "optimizing-memory-usage-in-python-programs": {"name": "Optimizing Memory Usage in Python Programs", "slug": "optimizing-memory-usage-in-python-programs"}, "concurrency-and-parallelism-faster-execution-through-multithreading": {"name": "Concurrency and Parallelism: Faster Execution through Multithreading", "slug": "concurrency-and-parallelism-faster-execution-through-multithreading"}}, "paths": []}, "practical-performance-optimization": {"name": "Practical Performance Optimization", "slug": "practical-performance-optimization", "pageCount": 5, "pages": {"setting-up-your-environment-for-optimization": {"name": "Setting Up Your Environment for Optimization", "slug": "setting-up-your-environment-for-optimization"}, "real-world-scenarios-performance-tuning": {"name": "Real-world Scenarios: Performance Tuning", "slug": "real-world-scenarios-performance-tuning"}, "caching-techniques-and-persistent-storage": {"name": "Caching Techniques and Persistent Storage", "slug": "caching-techniques-and-persistent-storage"}, "balancing-readability-and-performance": {"name": "Balancing Readability and Performance", "slug": "balancing-readability-and-performance"}, "optimization-tools-and-resources": {"name": "Optimization Tools and Resources", "slug": "optimization-tools-and-resources"}}, "paths": []}}, "pageCount": 15, "paths": []}, "python-collaboration-and-version-control": {"courseName": "Python Collaboration and Version Control", "slug": "python-collaboration-and-version-control", "chapters": {"teamwork-with-python": {"name": "Teamwork with Python", "slug": "teamwork-with-python", "pageCount": 5, "pages": {"introduction-to-collaborative-python-programming": {"name": "Introduction to Collaborative Python Programming", "slug": "introduction-to-collaborative-python-programming"}, "exploring-collaboration-tools-and-platforms": {"name": "Exploring Collaboration Tools and Platforms", "slug": "exploring-collaboration-tools-and-platforms"}, "effective-communication-in-python-projects": {"name": "Effective Communication in Python Projects", "slug": "effective-communication-in-python-projects"}, "version-control-basics-for-python-development": {"name": "Version Control Basics for Python Development", "slug": "version-control-basics-for-python-development"}, "best-practices-for-team-coding-standards-and-conventions": {"name": "Best Practices for Team Coding Standards and Conventions", "slug": "best-practices-for-team-coding-standards-and-conventions"}}, "paths": []}, "mastering-git-for-python-development": {"name": "Mastering Git for Python Development", "slug": "mastering-git-for-python-development", "pageCount": 5, "pages": {"introduction-to-version-control-with-git": {"name": "Introduction to Version Control with Git", "slug": "introduction-to-version-control-with-git"}, "setting-up-git-for-python-projects": {"name": "Setting Up Git for Python Projects", "slug": "setting-up-git-for-python-projects"}, "common-git-commands-and-workflows": {"name": "Common Git Commands and Workflows", "slug": "common-git-commands-and-workflows"}, "branching-and-merging-strategies": {"name": "Branching and Merging Strategies", "slug": "branching-and-merging-strategies"}, "resolving-merge-conflicts-and-pull-request-reviews": {"name": "Resolving Merge Conflicts and Pull Request Reviews", "slug": "resolving-merge-conflicts-and-pull-request-reviews"}}, "paths": []}, "navigating-real-world-development-scenarios": {"name": "Navigating Real-world Development Scenarios", "slug": "navigating-real-world-development-scenarios", "pageCount": 5, "pages": {"real-world-scenarios-collaborative-development": {"name": "Real-world Scenarios: Collaborative Development", "slug": "real-world-scenarios-collaborative-development"}, "code-reviews-and-maintaining-code-quality": {"name": "Code Reviews and Maintaining Code Quality", "slug": "code-reviews-and-maintaining-code-quality"}, "managing-dependencies-and-virtual-environments": {"name": "Managing Dependencies and Virtual Environments", "slug": "managing-dependencies-and-virtual-environments"}, "hotfixes-releases-and-workflow-automation": {"name": "Hotfixes, Releases, and Workflow Automation", "slug": "hotfixes-releases-and-workflow-automation"}, "adapting-to-changes-and-update-management": {"name": "Adapting to Changes and Update Management", "slug": "adapting-to-changes-and-update-management"}}, "paths": []}}, "pageCount": 15, "paths": []}, "growing-as-a-python-developer": {"courseName": "Growing as a Python Developer", "slug": "growing-as-a-python-developer", "chapters": {"soft-skills-for-python-pros": {"name": "Soft Skills for Python Pros", "slug": "soft-skills-for-python-pros", "pageCount": 5, "pages": {"intro-to-soft-skills-in-python-development": {"name": "Intro to Soft Skills in Python Development", "slug": "intro-to-soft-skills-in-python-development"}, "critical-thinking--problem-solving-strategies": {"name": "Critical Thinking & Problem-Solving Strategies", "slug": "critical-thinking--problem-solving-strategies"}, "technical-communication-conveying-complex-ideas": {"name": "Technical Communication: Conveying Complex Ideas", "slug": "technical-communication-conveying-complex-ideas"}, "adaptability-in-tech-staying-current-as-a-python-developer": {"name": "Adaptability in Tech: Staying Current as a Python Developer", "slug": "adaptability-in-tech-staying-current-as-a-python-developer"}, "teamwork-and-collaborative-coding-in-python": {"name": "Teamwork and Collaborative Coding in Python", "slug": "teamwork-and-collaborative-coding-in-python"}}, "paths": []}, "project-management-in-python": {"name": "Project Management in Python", "slug": "project-management-in-python", "pageCount": 5, "pages": {"managing-python-projects-an-overview": {"name": "Managing Python Projects: An Overview", "slug": "managing-python-projects-an-overview"}, "time-management-techniques-for-python-developers": {"name": "Time Management Techniques for Python Developers", "slug": "time-management-techniques-for-python-developers"}, "agile-and-scrum-in-python-project-management": {"name": "Agile and Scrum in Python Project Management", "slug": "agile-and-scrum-in-python-project-management"}, "the-role-of-code-reviews-and-pair-programming": {"name": "The Role of Code Reviews and Pair Programming", "slug": "the-role-of-code-reviews-and-pair-programming"}, "version-control-with-git-best-practices-for-python-teams": {"name": "Version Control with Git: Best Practices for Python Teams", "slug": "version-control-with-git-best-practices-for-python-teams"}}, "paths": []}, "continuous-growth-in-python-development": {"name": "Continuous Growth in Python Development", "slug": "continuous-growth-in-python-development", "pageCount": 5, "pages": {"embracing-continuous-learning-in-python": {"name": "Embracing Continuous Learning in Python", "slug": "embracing-continuous-learning-in-python"}, "finding-resources-and-communities-for-learning-python": {"name": "Finding Resources and Communities for Learning Python", "slug": "finding-resources-and-communities-for-learning-python"}, "the-importance-of-coding-challenges-and-hackathons": {"name": "The importance of Coding Challenges and Hackathons", "slug": "the-importance-of-coding-challenges-and-hackathons"}, "contributing-to-python-open-source-projects": {"name": "Contributing to Python Open-Source Projects", "slug": "contributing-to-python-open-source-projects"}, "setting-goals-and-creating-a-personal-development-plan": {"name": "Setting Goals and Creating a Personal Development Plan", "slug": "setting-goals-and-creating-a-personal-development-plan"}}, "paths": []}}, "pageCount": 15, "paths": []}}, "allPaths": ["out/course_material/python/content/getting-started-with-python/diving-into-python-the-basics/page-gearing-up-the-essence-of-python-programming.md", "out/course_material/python/content/getting-started-with-python/diving-into-python-the-basics/page-python-syntax-first-steps-in-writing-code.md", "out/course_material/python/content/getting-started-with-python/diving-into-python-the-basics/page-variables-and-expressions-speaking-python.md", "out/course_material/python/content/getting-started-with-python/diving-into-python-the-basics/page-understanding-python-code-clean-code-and-documentation.md", "out/course_material/python/content/getting-started-with-python/diving-into-python-the-basics/page-closing-the-chapter-recap-and-best-practices.md", "out/course_material/python/content/getting-started-with-python/data-types-and-structures-in-python/page-the-abcs-of-data-numbers-and-strings.md", "out/course_material/python/content/getting-started-with-python/data-types-and-structures-in-python/page-mixing-variables-playing-with-lists.md", "out/course_material/python/content/getting-started-with-python/data-types-and-structures-in-python/page-key-value-pairs-a-dive-into-dictionaries.md", "out/course_material/python/content/getting-started-with-python/data-types-and-structures-in-python/page-data-types-real-world-analogies.md", "out/course_material/python/content/getting-started-with-python/data-types-and-structures-in-python/page-data-types-galore-tips-and-tricks.md", "out/course_material/python/content/control-flow-and-data-structures/navigating-python-control-flow/page-understanding-how-python-moves-through-code.md", "out/course_material/python/content/control-flow-and-data-structures/navigating-python-control-flow/page-the-if-statement-making-decisions-in-python.md", "out/course_material/python/content/control-flow-and-data-structures/navigating-python-control-flow/page-iterating-with-style-for-loops-unpacked.md", "out/course_material/python/content/control-flow-and-data-structures/navigating-python-control-flow/page-while-loops-the-power-of-condition-based-iteration.md", "out/course_material/python/content/control-flow-and-data-structures/navigating-python-control-flow/page-nested-loops-and-conditional-statements.md", "out/course_material/python/content/control-flow-and-data-structures/data-collections-lists-and-dictionaries-mastery/page-organizing-data-with-collections-an-overview.md", "out/course_material/python/content/control-flow-and-data-structures/data-collections-lists-and-dictionaries-mastery/page-lists-in-python-more-than-just-sequences.md", "out/course_material/python/content/control-flow-and-data-structures/data-collections-lists-and-dictionaries-mastery/page-dictionaries-when-keys-meet-values.md", "out/course_material/python/content/control-flow-and-data-structures/data-collections-lists-and-dictionaries-mastery/page-advanced-list-techniques-comprehensions-and-operations.md", "out/course_material/python/content/control-flow-and-data-structures/data-collections-lists-and-dictionaries-mastery/page-manipulating-dictionaries-methods-and-iteration.md", "out/course_material/python/content/control-flow-and-data-structures/getting-to-grips-with-sets-and-tuples/page-sets-and-tuples-a-quick-introduction.md", "out/course_material/python/content/control-flow-and-data-structures/getting-to-grips-with-sets-and-tuples/page-immutability-and-efficiency-with-tuples.md", "out/course_material/python/content/control-flow-and-data-structures/getting-to-grips-with-sets-and-tuples/page-sets-unordered-collections-of-unique-elements.md", "out/course_material/python/content/control-flow-and-data-structures/getting-to-grips-with-sets-and-tuples/page-set-operations-union-intersection-and-beyond.md", "out/course_material/python/content/control-flow-and-data-structures/getting-to-grips-with-sets-and-tuples/page-when-to-use-lists-sets-tuples-and-dictionaries.md", "out/course_material/python/content/functions-and-error-handling/the-building-blocks-functions-in-python/page-introduction-to-python-functions.md", "out/course_material/python/content/functions-and-error-handling/the-building-blocks-functions-in-python/page-defining-and-calling-functions.md", "out/course_material/python/content/functions-and-error-handling/the-building-blocks-functions-in-python/page-function-arguments-and-parameters.md", "out/course_material/python/content/functions-and-error-handling/the-building-blocks-functions-in-python/page-return-values-and-function-scope.md", "out/course_material/python/content/functions-and-error-handling/the-building-blocks-functions-in-python/page-best-practices-in-writing-functions.md", "out/course_material/python/content/functions-and-error-handling/caught-red-handed-error-management-in-python/page-understanding-errors-and-exceptions.md", "out/course_material/python/content/functions-and-error-handling/caught-red-handed-error-management-in-python/page-the-try-except-structure.md", "out/course_material/python/content/functions-and-error-handling/caught-red-handed-error-management-in-python/page-raising-exceptions-with-raise.md", "out/course_material/python/content/functions-and-error-handling/caught-red-handed-error-management-in-python/page-custom-exception-classes.md", "out/course_material/python/content/functions-and-error-handling/caught-red-handed-error-management-in-python/page-debugging-techniques-and-tips.md", "out/course_material/python/content/python-modules-and-file-operations/unlocking-python-modules-and-libraries/page-introduction-to-python-modules.md", "out/course_material/python/content/python-modules-and-file-operations/unlocking-python-modules-and-libraries/page-importing-modules-the-basics.md", "out/course_material/python/content/python-modules-and-file-operations/unlocking-python-modules-and-libraries/page-exploring-standard-libraries-sys-and-os.md", "out/course_material/python/content/python-modules-and-file-operations/unlocking-python-modules-and-libraries/page-third-party-libraries-pip-and-pypi.md"]}