{"topic": "Ruby on Rails", "totalPages": 62, "courses": {"introduction-to-web-development": {"courseName": "Introduction to Web Development", "slug": "introduction-to-web-development", "chapters": {"understanding-basic-programming-concepts": {"name": "Understanding Basic Programming Concepts", "slug": "understanding-basic-programming-concepts", "pageCount": 4, "pages": {"chapter-introduction-page": {"name": "Chapter Introduction Page", "slug": "chapter-introduction-page", "path": "out/course_material/ruby-on-rails/content/introduction-to-web-development/understanding-basic-programming-concepts/page-chapter-introduction-page.md"}, "what-are-variables-and-why-are-they-important": {"name": "What Are Variables and Why Are They Important?", "slug": "what-are-variables-and-why-are-they-important", "path": "out/course_material/ruby-on-rails/content/introduction-to-web-development/understanding-basic-programming-concepts/page-what-are-variables-and-why-are-they-important.md"}, "exploring-loops-and-their-application-in-programming": {"name": "Exploring Loops and Their Application in Programming", "slug": "exploring-loops-and-their-application-in-programming", "path": "out/course_material/ruby-on-rails/content/introduction-to-web-development/understanding-basic-programming-concepts/page-exploring-loops-and-their-application-in-programming.md"}, "understanding-conditional-statements-in-programming": {"name": "Understanding Conditional Statements in Programming", "slug": "understanding-conditional-statements-in-programming", "path": "out/course_material/ruby-on-rails/content/introduction-to-web-development/understanding-basic-programming-concepts/page-understanding-conditional-statements-in-programming.md"}, "practice-skill-challenge": {"name": "Practice Skill Challenge", "slug": "practice-skill-challenge", "path": "out/course_material/ruby-on-rails/content/introduction-to-web-development/understanding-basic-programming-concepts/challenge-practice-skill-challenge.md"}}, "paths": ["out/course_material/ruby-on-rails/content/introduction-to-web-development/understanding-basic-programming-concepts/page-chapter-introduction-page.md", "out/course_material/ruby-on-rails/content/introduction-to-web-development/understanding-basic-programming-concepts/page-what-are-variables-and-why-are-they-important.md", "out/course_material/ruby-on-rails/content/introduction-to-web-development/understanding-basic-programming-concepts/page-exploring-loops-and-their-application-in-programming.md", "out/course_material/ruby-on-rails/content/introduction-to-web-development/understanding-basic-programming-concepts/page-understanding-conditional-statements-in-programming.md", "out/course_material/ruby-on-rails/content/introduction-to-web-development/understanding-basic-programming-concepts/challenge-practice-skill-challenge.md"]}, "getting-started-with-ruby-on-rails": {"name": "Getting Started with Ruby on Rails", "slug": "getting-started-with-ruby-on-rails", "pageCount": 3, "pages": {"chapter-introduction-page": {"name": "Chapter Introduction Page", "slug": "chapter-introduction-page", "path": "out/course_material/ruby-on-rails/content/introduction-to-web-development/getting-started-with-ruby-on-rails/page-chapter-introduction-page.md"}, "understanding-the-model-view-controller-mvc-design-pattern": {"name": "Understanding the Model-View-Controller (MVC) Design Pattern", "slug": "understanding-the-model-view-controller-mvc-design-pattern", "path": "out/course_material/ruby-on-rails/content/introduction-to-web-development/getting-started-with-ruby-on-rails/page-understanding-the-model-view-controller-mvc-design-pattern.md"}, "installation-and-setup-of-ruby-on-rails-and-its-dependencies": {"name": "Installation and Setup of Ruby on Rails and Its Dependencies", "slug": "installation-and-setup-of-ruby-on-rails-and-its-dependencies", "path": "out/course_material/ruby-on-rails/content/introduction-to-web-development/getting-started-with-ruby-on-rails/page-installation-and-setup-of-ruby-on-rails-and-its-dependencies.md"}, "practice-skill-challenge": {"name": "Practice Skill Challenge", "slug": "practice-skill-challenge", "path": "out/course_material/ruby-on-rails/content/introduction-to-web-development/getting-started-with-ruby-on-rails/challenge-practice-skill-challenge.md"}}, "paths": ["out/course_material/ruby-on-rails/content/introduction-to-web-development/getting-started-with-ruby-on-rails/page-chapter-introduction-page.md", "out/course_material/ruby-on-rails/content/introduction-to-web-development/getting-started-with-ruby-on-rails/page-understanding-the-model-view-controller-mvc-design-pattern.md", "out/course_material/ruby-on-rails/content/introduction-to-web-development/getting-started-with-ruby-on-rails/page-installation-and-setup-of-ruby-on-rails-and-its-dependencies.md", "out/course_material/ruby-on-rails/content/introduction-to-web-development/getting-started-with-ruby-on-rails/challenge-practice-skill-challenge.md"]}, "final-skill-challenge": {"name": "Final Skill Challenge", "slug": "final-skill-challenge", "paths": ["out/course_material/ruby-on-rails/content/introduction-to-web-development/final-skill-challenge/final-skill-challenge.md"], "pages": {"page-final-skill-challenge": {"name": "Final Skill Challenge", "slug": "page-final-skill-challenge", "path": "out/course_material/ruby-on-rails/content/introduction-to-web-development/final-skill-challenge/final-skill-challenge.md"}}}}, "pageCount": 7, "paths": ["out/course_material/ruby-on-rails/content/introduction-to-web-development/understanding-basic-programming-concepts/page-chapter-introduction-page.md", "out/course_material/ruby-on-rails/content/introduction-to-web-development/understanding-basic-programming-concepts/page-what-are-variables-and-why-are-they-important.md", "out/course_material/ruby-on-rails/content/introduction-to-web-development/understanding-basic-programming-concepts/page-exploring-loops-and-their-application-in-programming.md", "out/course_material/ruby-on-rails/content/introduction-to-web-development/understanding-basic-programming-concepts/page-understanding-conditional-statements-in-programming.md", "out/course_material/ruby-on-rails/content/introduction-to-web-development/getting-started-with-ruby-on-rails/page-chapter-introduction-page.md", "out/course_material/ruby-on-rails/content/introduction-to-web-development/getting-started-with-ruby-on-rails/page-understanding-the-model-view-controller-mvc-design-pattern.md", "out/course_material/ruby-on-rails/content/introduction-to-web-development/getting-started-with-ruby-on-rails/page-installation-and-setup-of-ruby-on-rails-and-its-dependencies.md", "out/course_material/ruby-on-rails/content/introduction-to-web-development/understanding-basic-programming-concepts/challenge-practice-skill-challenge.md", "out/course_material/ruby-on-rails/content/introduction-to-web-development/getting-started-with-ruby-on-rails/challenge-practice-skill-challenge.md", "out/course_material/ruby-on-rails/content/introduction-to-web-development/final-skill-challenge/final-skill-challenge.md"]}, "working-with-databases-in-rails": {"courseName": "Working with Databases in Rails", "slug": "working-with-databases-in-rails", "chapters": {"understanding-database-models": {"name": "Understanding Database Models", "slug": "understanding-database-models", "pageCount": 4, "pages": {"what-are-database-models": {"name": "What are Database Models?", "slug": "what-are-database-models", "path": "out/course_material/ruby-on-rails/content/working-with-databases-in-rails/understanding-database-models/page-what-are-database-models.md"}, "defining-database-models-in-rails": {"name": "Defining Database Models in Rails", "slug": "defining-database-models-in-rails", "path": "out/course_material/ruby-on-rails/content/working-with-databases-in-rails/understanding-database-models/page-defining-database-models-in-rails.md"}, "using-activerecord-for-database-interactions": {"name": "Using ActiveRecord for Database Interactions", "slug": "using-activerecord-for-database-interactions", "path": "out/course_material/ruby-on-rails/content/working-with-databases-in-rails/understanding-database-models/page-using-activerecord-for-database-interactions.md"}, "practice-skill-challenge": {"name": "Practice Skill Challenge", "slug": "practice-skill-challenge", "path": "out/course_material/ruby-on-rails/content/working-with-databases-in-rails/understanding-database-models/challenge-practice-skill-challenge.md"}}, "paths": ["out/course_material/ruby-on-rails/content/working-with-databases-in-rails/understanding-database-models/page-what-are-database-models.md", "out/course_material/ruby-on-rails/content/working-with-databases-in-rails/understanding-database-models/page-defining-database-models-in-rails.md", "out/course_material/ruby-on-rails/content/working-with-databases-in-rails/understanding-database-models/page-using-activerecord-for-database-interactions.md", "out/course_material/ruby-on-rails/content/working-with-databases-in-rails/understanding-database-models/challenge-practice-skill-challenge.md"]}, "database-migrations-and-relationships": {"name": "Database Migrations and Relationships", "slug": "database-migrations-and-relationships", "pageCount": 4, "pages": {"understanding-database-migrations": {"name": "Understanding Database Migrations", "slug": "understanding-database-migrations", "path": "out/course_material/ruby-on-rails/content/working-with-databases-in-rails/database-migrations-and-relationships/page-understanding-database-migrations.md"}, "implementing-database-relationships": {"name": "Implementing Database Relationships", "slug": "implementing-database-relationships", "path": "out/course_material/ruby-on-rails/content/working-with-databases-in-rails/database-migrations-and-relationships/page-implementing-database-relationships.md"}, "practice-skill-challenge": {"name": "Practice Skill Challenge", "slug": "practice-skill-challenge", "path": "out/course_material/ruby-on-rails/content/working-with-databases-in-rails/database-migrations-and-relationships/challenge-practice-skill-challenge.md"}}, "paths": ["out/course_material/ruby-on-rails/content/working-with-databases-in-rails/database-migrations-and-relationships/page-understanding-database-migrations.md", "out/course_material/ruby-on-rails/content/working-with-databases-in-rails/database-migrations-and-relationships/page-implementing-database-relationships.md", "out/course_material/ruby-on-rails/content/working-with-databases-in-rails/database-migrations-and-relationships/challenge-practice-skill-challenge.md"]}, "advanced-database-concepts-optional": {"name": "Advanced Database Concepts (Optional)", "slug": "advanced-database-concepts-optional", "pageCount": 4, "pages": {"managing-database-indexes": {"name": "Managing Database Indexes", "slug": "managing-database-indexes", "path": "out/course_material/ruby-on-rails/content/working-with-databases-in-rails/advanced-database-concepts-optional/page-managing-database-indexes.md"}, "utilizing-database-transactions": {"name": "Utilizing Database Transactions", "slug": "utilizing-database-transactions", "path": "out/course_material/ruby-on-rails/content/working-with-databases-in-rails/advanced-database-concepts-optional/page-utilizing-database-transactions.md"}, "practice-skill-challenge": {"name": "Practice Skill Challenge", "slug": "practice-skill-challenge", "path": "out/course_material/ruby-on-rails/content/working-with-databases-in-rails/advanced-database-concepts-optional/challenge-practice-skill-challenge.md"}}, "paths": ["out/course_material/ruby-on-rails/content/working-with-databases-in-rails/advanced-database-concepts-optional/page-managing-database-indexes.md", "out/course_material/ruby-on-rails/content/working-with-databases-in-rails/advanced-database-concepts-optional/page-utilizing-database-transactions.md", "out/course_material/ruby-on-rails/content/working-with-databases-in-rails/advanced-database-concepts-optional/challenge-practice-skill-challenge.md"]}, "final-skill-challenge": {"name": "Final Skill Challenge", "slug": "final-skill-challenge", "paths": ["out/course_material/ruby-on-rails/content/working-with-databases-in-rails/final-skill-challenge/final-skill-challenge.md"], "pages": {"page-final-skill-challenge": {"name": "Final Skill Challenge", "slug": "page-final-skill-challenge", "path": "out/course_material/ruby-on-rails/content/working-with-databases-in-rails/final-skill-challenge/final-skill-challenge.md"}}}}, "pageCount": 12, "paths": ["out/course_material/ruby-on-rails/content/working-with-databases-in-rails/understanding-database-models/page-what-are-database-models.md", "out/course_material/ruby-on-rails/content/working-with-databases-in-rails/understanding-database-models/page-defining-database-models-in-rails.md", "out/course_material/ruby-on-rails/content/working-with-databases-in-rails/understanding-database-models/page-using-activerecord-for-database-interactions.md", "out/course_material/ruby-on-rails/content/working-with-databases-in-rails/database-migrations-and-relationships/page-understanding-database-migrations.md", "out/course_material/ruby-on-rails/content/working-with-databases-in-rails/database-migrations-and-relationships/page-implementing-database-relationships.md", "out/course_material/ruby-on-rails/content/working-with-databases-in-rails/advanced-database-concepts-optional/page-managing-database-indexes.md", "out/course_material/ruby-on-rails/content/working-with-databases-in-rails/advanced-database-concepts-optional/page-utilizing-database-transactions.md", "out/course_material/ruby-on-rails/content/working-with-databases-in-rails/understanding-database-models/challenge-practice-skill-challenge.md", "out/course_material/ruby-on-rails/content/working-with-databases-in-rails/database-migrations-and-relationships/challenge-practice-skill-challenge.md", "out/course_material/ruby-on-rails/content/working-with-databases-in-rails/advanced-database-concepts-optional/challenge-practice-skill-challenge.md", "out/course_material/ruby-on-rails/content/working-with-databases-in-rails/final-skill-challenge/final-skill-challenge.md"]}, "managing-controllers-and-views": {"courseName": "Managing Controllers and Views", "slug": "managing-controllers-and-views", "chapters": {"understanding-controllers-and-views": {"name": "Understanding Controllers and Views", "slug": "understanding-controllers-and-views", "pageCount": 4, "pages": {"introduction-to-controllers-and-views": {"name": "Introduction to Controllers and Views", "slug": "introduction-to-controllers-and-views", "path": "out/course_material/ruby-on-rails/content/managing-controllers-and-views/understanding-controllers-and-views/page-introduction-to-controllers-and-views.md"}, "what-are-controllers-and-their-role-in-rails": {"name": "What Are Controllers and Their Role in Rails?", "slug": "what-are-controllers-and-their-role-in-rails", "path": "out/course_material/ruby-on-rails/content/managing-controllers-and-views/understanding-controllers-and-views/page-what-are-controllers-and-their-role-in-rails.md"}, "creating-and-managing-controllers": {"name": "Creating and Managing Controllers", "slug": "creating-and-managing-controllers", "path": "out/course_material/ruby-on-rails/content/managing-controllers-and-views/understanding-controllers-and-views/page-creating-and-managing-controllers.md"}, "understanding-routing-and-restful-conventions-in-rails": {"name": "Understanding Routing and RESTful Conventions in Rails", "slug": "understanding-routing-and-restful-conventions-in-rails", "path": "out/course_material/ruby-on-rails/content/managing-controllers-and-views/understanding-controllers-and-views/page-understanding-routing-and-restful-conventions-in-rails.md"}, "practice-skill-challenge": {"name": "Practice Skill Challenge", "slug": "practice-skill-challenge", "path": "out/course_material/ruby-on-rails/content/managing-controllers-and-views/understanding-controllers-and-views/challenge-practice-skill-challenge.md"}}, "paths": ["out/course_material/ruby-on-rails/content/managing-controllers-and-views/understanding-controllers-and-views/page-introduction-to-controllers-and-views.md", "out/course_material/ruby-on-rails/content/managing-controllers-and-views/understanding-controllers-and-views/page-what-are-controllers-and-their-role-in-rails.md", "out/course_material/ruby-on-rails/content/managing-controllers-and-views/understanding-controllers-and-views/page-creating-and-managing-controllers.md", "out/course_material/ruby-on-rails/content/managing-controllers-and-views/understanding-controllers-and-views/page-understanding-routing-and-restful-conventions-in-rails.md", "out/course_material/ruby-on-rails/content/managing-controllers-and-views/understanding-controllers-and-views/challenge-practice-skill-challenge.md"]}, "implementing-views-and-layouts": {"name": "Implementing Views and Layouts", "slug": "implementing-views-and-layouts", "pageCount": 4, "pages": {"introduction-to-views-and-layouts": {"name": "Introduction to Views and Layouts", "slug": "introduction-to-views-and-layouts", "path": "out/course_material/ruby-on-rails/content/managing-controllers-and-views/implementing-views-and-layouts/page-introduction-to-views-and-layouts.md"}, "implementing-views-for-user-interface": {"name": "Implementing Views for User Interface", "slug": "implementing-views-for-user-interface", "path": "out/course_material/ruby-on-rails/content/managing-controllers-and-views/implementing-views-and-layouts/page-implementing-views-for-user-interface.md"}, "utilizing-partials-and-view-helpers": {"name": "Utilizing Partials and View Helpers", "slug": "utilizing-partials-and-view-helpers", "path": "out/course_material/ruby-on-rails/content/managing-controllers-and-views/implementing-views-and-layouts/page-utilizing-partials-and-view-helpers.md"}, "customizing-layouts-for-user-experience": {"name": "Customizing Layouts for User Experience", "slug": "customizing-layouts-for-user-experience", "path": "out/course_material/ruby-on-rails/content/managing-controllers-and-views/implementing-views-and-layouts/page-customizing-layouts-for-user-experience.md"}, "practice-skill-challenge": {"name": "Practice Skill Challenge", "slug": "practice-skill-challenge", "path": "out/course_material/ruby-on-rails/content/managing-controllers-and-views/implementing-views-and-layouts/challenge-practice-skill-challenge.md"}}, "paths": ["out/course_material/ruby-on-rails/content/managing-controllers-and-views/implementing-views-and-layouts/page-introduction-to-views-and-layouts.md", "out/course_material/ruby-on-rails/content/managing-controllers-and-views/implementing-views-and-layouts/page-implementing-views-for-user-interface.md", "out/course_material/ruby-on-rails/content/managing-controllers-and-views/implementing-views-and-layouts/page-utilizing-partials-and-view-helpers.md", "out/course_material/ruby-on-rails/content/managing-controllers-and-views/implementing-views-and-layouts/page-customizing-layouts-for-user-experience.md", "out/course_material/ruby-on-rails/content/managing-controllers-and-views/implementing-views-and-layouts/challenge-practice-skill-challenge.md"]}, "final-skill-challenge": {"name": "Final Skill Challenge", "slug": "final-skill-challenge", "paths": ["out/course_material/ruby-on-rails/content/managing-controllers-and-views/final-skill-challenge/final-skill-challenge.md"], "pages": {"page-final-skill-challenge": {"name": "Final Skill Challenge", "slug": "page-final-skill-challenge", "path": "out/course_material/ruby-on-rails/content/managing-controllers-and-views/final-skill-challenge/final-skill-challenge.md"}}}}, "pageCount": 8, "paths": ["out/course_material/ruby-on-rails/content/managing-controllers-and-views/understanding-controllers-and-views/page-introduction-to-controllers-and-views.md", "out/course_material/ruby-on-rails/content/managing-controllers-and-views/understanding-controllers-and-views/page-what-are-controllers-and-their-role-in-rails.md", "out/course_material/ruby-on-rails/content/managing-controllers-and-views/understanding-controllers-and-views/page-creating-and-managing-controllers.md", "out/course_material/ruby-on-rails/content/managing-controllers-and-views/understanding-controllers-and-views/page-understanding-routing-and-restful-conventions-in-rails.md", "out/course_material/ruby-on-rails/content/managing-controllers-and-views/implementing-views-and-layouts/page-introduction-to-views-and-layouts.md", "out/course_material/ruby-on-rails/content/managing-controllers-and-views/implementing-views-and-layouts/page-implementing-views-for-user-interface.md", "out/course_material/ruby-on-rails/content/managing-controllers-and-views/implementing-views-and-layouts/page-utilizing-partials-and-view-helpers.md", "out/course_material/ruby-on-rails/content/managing-controllers-and-views/implementing-views-and-layouts/page-customizing-layouts-for-user-experience.md", "out/course_material/ruby-on-rails/content/managing-controllers-and-views/understanding-controllers-and-views/challenge-practice-skill-challenge.md", "out/course_material/ruby-on-rails/content/managing-controllers-and-views/implementing-views-and-layouts/challenge-practice-skill-challenge.md", "out/course_material/ruby-on-rails/content/managing-controllers-and-views/final-skill-challenge/final-skill-challenge.md"]}, "user-authentication-and-authorization-in-rails": {"courseName": "User Authentication and Authorization in Rails", "slug": "user-authentication-and-authorization-in-rails", "chapters": {"implementing-user-authentication": {"name": "Implementing User Authentication", "slug": "implementing-user-authentication", "pageCount": 4, "pages": {"understanding-user-authentication": {"name": "Understanding User Authentication", "slug": "understanding-user-authentication", "path": "out/course_material/ruby-on-rails/content/user-authentication-and-authorization-in-rails/implementing-user-authentication/page-understanding-user-authentication.md"}, "introduction-to-devise-gem": {"name": "Introduction to Devise Gem", "slug": "introduction-to-devise-gem", "path": "out/course_material/ruby-on-rails/content/user-authentication-and-authorization-in-rails/implementing-user-authentication/page-introduction-to-devise-gem.md"}, "setting-up-devise-for-user-authentication": {"name": "Setting up Devise for User Authentication", "slug": "setting-up-devise-for-user-authentication", "path": "out/course_material/ruby-on-rails/content/user-authentication-and-authorization-in-rails/implementing-user-authentication/page-setting-up-devise-for-user-authentication.md"}, "customizing-devise-configuration": {"name": "Customizing Devise Configuration", "slug": "customizing-devise-configuration", "path": "out/course_material/ruby-on-rails/content/user-authentication-and-authorization-in-rails/implementing-user-authentication/page-customizing-devise-configuration.md"}, "practice-skill-challenge": {"name": "Practice Skill Challenge", "slug": "practice-skill-challenge", "path": "out/course_material/ruby-on-rails/content/user-authentication-and-authorization-in-rails/implementing-user-authentication/challenge-practice-skill-challenge.md"}}, "paths": ["out/course_material/ruby-on-rails/content/user-authentication-and-authorization-in-rails/implementing-user-authentication/page-understanding-user-authentication.md", "out/course_material/ruby-on-rails/content/user-authentication-and-authorization-in-rails/implementing-user-authentication/page-introduction-to-devise-gem.md", "out/course_material/ruby-on-rails/content/user-authentication-and-authorization-in-rails/implementing-user-authentication/page-setting-up-devise-for-user-authentication.md", "out/course_material/ruby-on-rails/content/user-authentication-and-authorization-in-rails/implementing-user-authentication/page-customizing-devise-configuration.md", "out/course_material/ruby-on-rails/content/user-authentication-and-authorization-in-rails/implementing-user-authentication/challenge-practice-skill-challenge.md"]}, "managing-user-authorization": {"name": "Managing User Authorization", "slug": "managing-user-authorization", "pageCount": 4, "pages": {"introduction-to-user-authorization": {"name": "Introduction to User Authorization", "slug": "introduction-to-user-authorization", "path": "out/course_material/ruby-on-rails/content/user-authentication-and-authorization-in-rails/managing-user-authorization/page-introduction-to-user-authorization.md"}, "role-based-access-control-rbac-in-rails": {"name": "Role-Based Access Control (RBAC) in Rails", "slug": "role-based-access-control-rbac-in-rails", "path": "out/course_material/ruby-on-rails/content/user-authentication-and-authorization-in-rails/managing-user-authorization/page-role-based-access-control-rbac-in-rails.md"}, "implementing-access-control-lists-acl": {"name": "Implementing Access Control Lists (ACL)", "slug": "implementing-access-control-lists-acl", "path": "out/course_material/ruby-on-rails/content/user-authentication-and-authorization-in-rails/managing-user-authorization/page-implementing-access-control-lists-acl.md"}, "fine-grained-authorization-strategies": {"name": "Fine-Grained Authorization Strategies", "slug": "fine-grained-authorization-strategies", "path": "out/course_material/ruby-on-rails/content/user-authentication-and-authorization-in-rails/managing-user-authorization/page-fine-grained-authorization-strategies.md"}, "practice-skill-challenge": {"name": "Practice Skill Challenge", "slug": "practice-skill-challenge", "path": "out/course_material/ruby-on-rails/content/user-authentication-and-authorization-in-rails/managing-user-authorization/challenge-practice-skill-challenge.md"}}, "paths": ["out/course_material/ruby-on-rails/content/user-authentication-and-authorization-in-rails/managing-user-authorization/page-introduction-to-user-authorization.md", "out/course_material/ruby-on-rails/content/user-authentication-and-authorization-in-rails/managing-user-authorization/page-role-based-access-control-rbac-in-rails.md", "out/course_material/ruby-on-rails/content/user-authentication-and-authorization-in-rails/managing-user-authorization/page-implementing-access-control-lists-acl.md", "out/course_material/ruby-on-rails/content/user-authentication-and-authorization-in-rails/managing-user-authorization/page-fine-grained-authorization-strategies.md", "out/course_material/ruby-on-rails/content/user-authentication-and-authorization-in-rails/managing-user-authorization/challenge-practice-skill-challenge.md"]}, "final-skill-challenge": {"name": "Final Skill Challenge", "slug": "final-skill-challenge", "paths": ["out/course_material/ruby-on-rails/content/user-authentication-and-authorization-in-rails/final-skill-challenge/final-skill-challenge.md"], "pages": {"page-final-skill-challenge": {"name": "Final Skill Challenge", "slug": "page-final-skill-challenge", "path": "out/course_material/ruby-on-rails/content/user-authentication-and-authorization-in-rails/final-skill-challenge/final-skill-challenge.md"}}}}, "pageCount": 8, "paths": ["out/course_material/ruby-on-rails/content/user-authentication-and-authorization-in-rails/implementing-user-authentication/page-understanding-user-authentication.md", "out/course_material/ruby-on-rails/content/user-authentication-and-authorization-in-rails/implementing-user-authentication/page-introduction-to-devise-gem.md", "out/course_material/ruby-on-rails/content/user-authentication-and-authorization-in-rails/implementing-user-authentication/page-setting-up-devise-for-user-authentication.md", "out/course_material/ruby-on-rails/content/user-authentication-and-authorization-in-rails/implementing-user-authentication/page-customizing-devise-configuration.md", "out/course_material/ruby-on-rails/content/user-authentication-and-authorization-in-rails/managing-user-authorization/page-introduction-to-user-authorization.md", "out/course_material/ruby-on-rails/content/user-authentication-and-authorization-in-rails/managing-user-authorization/page-role-based-access-control-rbac-in-rails.md", "out/course_material/ruby-on-rails/content/user-authentication-and-authorization-in-rails/managing-user-authorization/page-implementing-access-control-lists-acl.md", "out/course_material/ruby-on-rails/content/user-authentication-and-authorization-in-rails/managing-user-authorization/page-fine-grained-authorization-strategies.md", "out/course_material/ruby-on-rails/content/user-authentication-and-authorization-in-rails/implementing-user-authentication/challenge-practice-skill-challenge.md", "out/course_material/ruby-on-rails/content/user-authentication-and-authorization-in-rails/managing-user-authorization/challenge-practice-skill-challenge.md", "out/course_material/ruby-on-rails/content/user-authentication-and-authorization-in-rails/final-skill-challenge/final-skill-challenge.md"]}, "testing-and-debugging-rails-applications": {"courseName": "Testing and Debugging Rails Applications", "slug": "testing-and-debugging-rails-applications", "chapters": {"understanding-testing-and-test-driven-development": {"name": "Understanding Testing and Test-Driven Development", "slug": "understanding-testing-and-test-driven-development", "pageCount": 4, "pages": {"welcome-to-testing-and-debugging-in-rails-applications": {"name": "Welcome to Testing and Debugging in Rails Applications", "slug": "welcome-to-testing-and-debugging-in-rails-applications", "path": "out/course_material/ruby-on-rails/content/testing-and-debugging-rails-applications/understanding-testing-and-test-driven-development/page-welcome-to-testing-and-debugging-in-rails-applications.md"}, "understanding-test-driven-development-tdd-in-rails": {"name": "Understanding Test-Driven Development (TDD) in Rails", "slug": "understanding-test-driven-development-tdd-in-rails", "path": "out/course_material/ruby-on-rails/content/testing-and-debugging-rails-applications/understanding-testing-and-test-driven-development/page-understanding-test-driven-development-tdd-in-rails.md"}, "benefits-of-tdd-and-its-impact-on-application-design": {"name": "Benefits of TDD and Its Impact on Application Design", "slug": "benefits-of-tdd-and-its-impact-on-application-design", "path": "out/course_material/ruby-on-rails/content/testing-and-debugging-rails-applications/understanding-testing-and-test-driven-development/page-benefits-of-tdd-and-its-impact-on-application-design.md"}, "practice-skill-challenge": {"name": "Practice Skill Challenge", "slug": "practice-skill-challenge", "path": "out/course_material/ruby-on-rails/content/testing-and-debugging-rails-applications/understanding-testing-and-test-driven-development/challenge-practice-skill-challenge.md"}}, "paths": ["out/course_material/ruby-on-rails/content/testing-and-debugging-rails-applications/understanding-testing-and-test-driven-development/page-welcome-to-testing-and-debugging-in-rails-applications.md", "out/course_material/ruby-on-rails/content/testing-and-debugging-rails-applications/understanding-testing-and-test-driven-development/page-understanding-test-driven-development-tdd-in-rails.md", "out/course_material/ruby-on-rails/content/testing-and-debugging-rails-applications/understanding-testing-and-test-driven-development/page-benefits-of-tdd-and-its-impact-on-application-design.md", "out/course_material/ruby-on-rails/content/testing-and-debugging-rails-applications/understanding-testing-and-test-driven-development/challenge-practice-skill-challenge.md"]}, "writing-and-running-tests-with-rspec": {"name": "Writing and Running Tests with RSpec", "slug": "writing-and-running-tests-with-rspec", "pageCount": 5, "pages": {"introduction-to-rspec-and-testing-frameworks": {"name": "Introduction to RSpec and Testing Frameworks", "slug": "introduction-to-rspec-and-testing-frameworks", "path": "out/course_material/ruby-on-rails/content/testing-and-debugging-rails-applications/writing-and-running-tests-with-rspec/page-introduction-to-rspec-and-testing-frameworks.md"}, "setting-up-rspec-for-rails-applications": {"name": "Setting Up RSpec for Rails Applications", "slug": "setting-up-rspec-for-rails-applications", "path": "out/course_material/ruby-on-rails/content/testing-and-debugging-rails-applications/writing-and-running-tests-with-rspec/page-setting-up-rspec-for-rails-applications.md"}, "writing-and-running-unit-tests-with-rspec": {"name": "Writing and Running Unit Tests with RSpec", "slug": "writing-and-running-unit-tests-with-rspec", "path": "out/course_material/ruby-on-rails/content/testing-and-debugging-rails-applications/writing-and-running-tests-with-rspec/page-writing-and-running-unit-tests-with-rspec.md"}, "writing-and-running-integration-tests-with-rspec": {"name": "Writing and Running Integration Tests with RSpec", "slug": "writing-and-running-integration-tests-with-rspec", "path": "out/course_material/ruby-on-rails/content/testing-and-debugging-rails-applications/writing-and-running-tests-with-rspec/page-writing-and-running-integration-tests-with-rspec.md"}, "practice-skill-challenge": {"name": "Practice Skill Challenge", "slug": "practice-skill-challenge", "path": "out/course_material/ruby-on-rails/content/testing-and-debugging-rails-applications/writing-and-running-tests-with-rspec/challenge-practice-skill-challenge.md"}}, "paths": ["out/course_material/ruby-on-rails/content/testing-and-debugging-rails-applications/writing-and-running-tests-with-rspec/page-introduction-to-rspec-and-testing-frameworks.md", "out/course_material/ruby-on-rails/content/testing-and-debugging-rails-applications/writing-and-running-tests-with-rspec/page-setting-up-rspec-for-rails-applications.md", "out/course_material/ruby-on-rails/content/testing-and-debugging-rails-applications/writing-and-running-tests-with-rspec/page-writing-and-running-unit-tests-with-rspec.md", "out/course_material/ruby-on-rails/content/testing-and-debugging-rails-applications/writing-and-running-tests-with-rspec/page-writing-and-running-integration-tests-with-rspec.md", "out/course_material/ruby-on-rails/content/testing-and-debugging-rails-applications/writing-and-running-tests-with-rspec/challenge-practice-skill-challenge.md"]}, "debugging-and-error-handling": {"name": "Debugging and Error Handling", "slug": "debugging-and-error-handling", "pageCount": 5, "pages": {"introduction-to-debugging-rails-applications": {"name": "Introduction to Debugging Rails Applications", "slug": "introduction-to-debugging-rails-applications", "path": "out/course_material/ruby-on-rails/content/testing-and-debugging-rails-applications/debugging-and-error-handling/page-introduction-to-debugging-rails-applications.md"}, "using-byebug-or-pry-for-debugging": {"name": "Using Byebug or Pry for Debugging", "slug": "using-byebug-or-pry-for-debugging", "path": "out/course_material/ruby-on-rails/content/testing-and-debugging-rails-applications/debugging-and-error-handling/page-using-byebug-or-pry-for-debugging.md"}, "utilizing-logging-for-troubleshooting": {"name": "Utilizing Logging for Troubleshooting", "slug": "utilizing-logging-for-troubleshooting", "path": "out/course_material/ruby-on-rails/content/testing-and-debugging-rails-applications/debugging-and-error-handling/page-utilizing-logging-for-troubleshooting.md"}, "implementing-effective-error-handling-techniques": {"name": "Implementing Effective Error Handling Techniques", "slug": "implementing-effective-error-handling-techniques", "path": "out/course_material/ruby-on-rails/content/testing-and-debugging-rails-applications/debugging-and-error-handling/page-implementing-effective-error-handling-techniques.md"}, "practice-skill-challenge": {"name": "Practice Skill Challenge", "slug": "practice-skill-challenge", "path": "out/course_material/ruby-on-rails/content/testing-and-debugging-rails-applications/debugging-and-error-handling/challenge-practice-skill-challenge.md"}}, "paths": ["out/course_material/ruby-on-rails/content/testing-and-debugging-rails-applications/debugging-and-error-handling/page-introduction-to-debugging-rails-applications.md", "out/course_material/ruby-on-rails/content/testing-and-debugging-rails-applications/debugging-and-error-handling/page-using-byebug-or-pry-for-debugging.md", "out/course_material/ruby-on-rails/content/testing-and-debugging-rails-applications/debugging-and-error-handling/page-utilizing-logging-for-troubleshooting.md", "out/course_material/ruby-on-rails/content/testing-and-debugging-rails-applications/debugging-and-error-handling/page-implementing-effective-error-handling-techniques.md", "out/course_material/ruby-on-rails/content/testing-and-debugging-rails-applications/debugging-and-error-handling/challenge-practice-skill-challenge.md"]}, "final-skill-challenge": {"name": "Final Skill Challenge", "slug": "final-skill-challenge", "paths": ["out/course_material/ruby-on-rails/content/testing-and-debugging-rails-applications/final-skill-challenge/final-skill-challenge.md"], "pages": {"page-final-skill-challenge": {"name": "Final Skill Challenge", "slug": "page-final-skill-challenge", "path": "out/course_material/ruby-on-rails/content/testing-and-debugging-rails-applications/final-skill-challenge/final-skill-challenge.md"}}}}, "pageCount": 14, "paths": ["out/course_material/ruby-on-rails/content/testing-and-debugging-rails-applications/understanding-testing-and-test-driven-development/page-welcome-to-testing-and-debugging-in-rails-applications.md", "out/course_material/ruby-on-rails/content/testing-and-debugging-rails-applications/understanding-testing-and-test-driven-development/page-understanding-test-driven-development-tdd-in-rails.md", "out/course_material/ruby-on-rails/content/testing-and-debugging-rails-applications/understanding-testing-and-test-driven-development/page-benefits-of-tdd-and-its-impact-on-application-design.md", "out/course_material/ruby-on-rails/content/testing-and-debugging-rails-applications/writing-and-running-tests-with-rspec/page-introduction-to-rspec-and-testing-frameworks.md", "out/course_material/ruby-on-rails/content/testing-and-debugging-rails-applications/writing-and-running-tests-with-rspec/page-setting-up-rspec-for-rails-applications.md", "out/course_material/ruby-on-rails/content/testing-and-debugging-rails-applications/writing-and-running-tests-with-rspec/page-writing-and-running-unit-tests-with-rspec.md", "out/course_material/ruby-on-rails/content/testing-and-debugging-rails-applications/writing-and-running-tests-with-rspec/page-writing-and-running-integration-tests-with-rspec.md", "out/course_material/ruby-on-rails/content/testing-and-debugging-rails-applications/debugging-and-error-handling/page-introduction-to-debugging-rails-applications.md", "out/course_material/ruby-on-rails/content/testing-and-debugging-rails-applications/debugging-and-error-handling/page-using-byebug-or-pry-for-debugging.md", "out/course_material/ruby-on-rails/content/testing-and-debugging-rails-applications/debugging-and-error-handling/page-utilizing-logging-for-troubleshooting.md", "out/course_material/ruby-on-rails/content/testing-and-debugging-rails-applications/debugging-and-error-handling/page-implementing-effective-error-handling-techniques.md", "out/course_material/ruby-on-rails/content/testing-and-debugging-rails-applications/understanding-testing-and-test-driven-development/challenge-practice-skill-challenge.md", "out/course_material/ruby-on-rails/content/testing-and-debugging-rails-applications/writing-and-running-tests-with-rspec/challenge-practice-skill-challenge.md", "out/course_material/ruby-on-rails/content/testing-and-debugging-rails-applications/debugging-and-error-handling/challenge-practice-skill-challenge.md", "out/course_material/ruby-on-rails/content/testing-and-debugging-rails-applications/final-skill-challenge/final-skill-challenge.md"]}, "working-with-apis-and-integrations-in-rails": {"courseName": "Working with APIs and Integrations in Rails", "slug": "working-with-apis-and-integrations-in-rails", "chapters": {"consuming-external-apis": {"name": "Consuming External APIs", "slug": "consuming-external-apis", "pageCount": 3, "pages": {"understanding-external-apis": {"name": "Understanding External APIs", "slug": "understanding-external-apis", "path": "out/course_material/ruby-on-rails/content/working-with-apis-and-integrations-in-rails/consuming-external-apis/page-understanding-external-apis.md"}, "consuming-external-apis-in-rails": {"name": "Consuming External APIs in Rails", "slug": "consuming-external-apis-in-rails", "path": "out/course_material/ruby-on-rails/content/working-with-apis-and-integrations-in-rails/consuming-external-apis/page-consuming-external-apis-in-rails.md"}, "implementing-api-authentication-and-error-handling": {"name": "Implementing API Authentication and Error Handling", "slug": "implementing-api-authentication-and-error-handling", "path": "out/course_material/ruby-on-rails/content/working-with-apis-and-integrations-in-rails/consuming-external-apis/page-implementing-api-authentication-and-error-handling.md"}, "practice-skill-challenge": {"name": "Practice Skill Challenge", "slug": "practice-skill-challenge", "path": "out/course_material/ruby-on-rails/content/working-with-apis-and-integrations-in-rails/consuming-external-apis/challenge-practice-skill-challenge.md"}}, "paths": ["out/course_material/ruby-on-rails/content/working-with-apis-and-integrations-in-rails/consuming-external-apis/page-understanding-external-apis.md", "out/course_material/ruby-on-rails/content/working-with-apis-and-integrations-in-rails/consuming-external-apis/page-consuming-external-apis-in-rails.md", "out/course_material/ruby-on-rails/content/working-with-apis-and-integrations-in-rails/consuming-external-apis/page-implementing-api-authentication-and-error-handling.md", "out/course_material/ruby-on-rails/content/working-with-apis-and-integrations-in-rails/consuming-external-apis/challenge-practice-skill-challenge.md"]}, "building-and-exposing-apis": {"name": "Building and Exposing APIs", "slug": "building-and-exposing-apis", "pageCount": 2, "pages": {"building-and-exposing-apis-with-rails": {"name": "Building and Exposing APIs with Rails", "slug": "building-and-exposing-apis-with-rails", "path": "out/course_material/ruby-on-rails/content/working-with-apis-and-integrations-in-rails/building-and-exposing-apis/page-building-and-exposing-apis-with-rails.md"}, "integrating-third-party-services-and-libraries": {"name": "Integrating Third-party Services and Libraries", "slug": "integrating-third-party-services-and-libraries", "path": "out/course_material/ruby-on-rails/content/working-with-apis-and-integrations-in-rails/building-and-exposing-apis/page-integrating-third-party-services-and-libraries.md"}, "practice-skill-challenge": {"name": "Practice Skill Challenge", "slug": "practice-skill-challenge", "path": "out/course_material/ruby-on-rails/content/working-with-apis-and-integrations-in-rails/building-and-exposing-apis/challenge-practice-skill-challenge.md"}}, "paths": ["out/course_material/ruby-on-rails/content/working-with-apis-and-integrations-in-rails/building-and-exposing-apis/page-building-and-exposing-apis-with-rails.md", "out/course_material/ruby-on-rails/content/working-with-apis-and-integrations-in-rails/building-and-exposing-apis/page-integrating-third-party-services-and-libraries.md", "out/course_material/ruby-on-rails/content/working-with-apis-and-integrations-in-rails/building-and-exposing-apis/challenge-practice-skill-challenge.md"]}, "final-skill-challenge": {"name": "Final Skill Challenge", "slug": "final-skill-challenge", "paths": ["out/course_material/ruby-on-rails/content/working-with-apis-and-integrations-in-rails/final-skill-challenge/final-skill-challenge.md"], "pages": {"page-final-skill-challenge": {"name": "Final Skill Challenge", "slug": "page-final-skill-challenge", "path": "out/course_material/ruby-on-rails/content/working-with-apis-and-integrations-in-rails/final-skill-challenge/final-skill-challenge.md"}}}}, "pageCount": 5, "paths": ["out/course_material/ruby-on-rails/content/working-with-apis-and-integrations-in-rails/consuming-external-apis/page-understanding-external-apis.md", "out/course_material/ruby-on-rails/content/working-with-apis-and-integrations-in-rails/consuming-external-apis/page-consuming-external-apis-in-rails.md", "out/course_material/ruby-on-rails/content/working-with-apis-and-integrations-in-rails/consuming-external-apis/page-implementing-api-authentication-and-error-handling.md", "out/course_material/ruby-on-rails/content/working-with-apis-and-integrations-in-rails/building-and-exposing-apis/page-building-and-exposing-apis-with-rails.md", "out/course_material/ruby-on-rails/content/working-with-apis-and-integrations-in-rails/building-and-exposing-apis/page-integrating-third-party-services-and-libraries.md", "out/course_material/ruby-on-rails/content/working-with-apis-and-integrations-in-rails/consuming-external-apis/challenge-practice-skill-challenge.md", "out/course_material/ruby-on-rails/content/working-with-apis-and-integrations-in-rails/building-and-exposing-apis/challenge-practice-skill-challenge.md", "out/course_material/ruby-on-rails/content/working-with-apis-and-integrations-in-rails/final-skill-challenge/final-skill-challenge.md"]}, "deploying-and-scaling-rails-applications": {"courseName": "Deploying and Scaling Rails Applications", "slug": "deploying-and-scaling-rails-applications", "chapters": {"deploying-to-production-servers": {"name": "Deploying to Production Servers", "slug": "deploying-to-production-servers", "pageCount": 4, "pages": {"understanding-production-deployment": {"name": "Understanding Production Deployment", "slug": "understanding-production-deployment", "path": "out/course_material/ruby-on-rails/content/deploying-and-scaling-rails-applications/deploying-to-production-servers/page-understanding-production-deployment.md"}, "configuring-production-environment": {"name": "Configuring Production Environment", "slug": "configuring-production-environment", "path": "out/course_material/ruby-on-rails/content/deploying-and-scaling-rails-applications/deploying-to-production-servers/page-configuring-production-environment.md"}, "setting-up-nginx-and-puma": {"name": "Setting Up Nginx and Puma", "slug": "setting-up-nginx-and-puma", "path": "out/course_material/ruby-on-rails/content/deploying-and-scaling-rails-applications/deploying-to-production-servers/page-setting-up-nginx-and-puma.md"}, "deploying-rails-application-to-production-server": {"name": "Deploying Rails Application to Production Server", "slug": "deploying-rails-application-to-production-server", "path": "out/course_material/ruby-on-rails/content/deploying-and-scaling-rails-applications/deploying-to-production-servers/page-deploying-rails-application-to-production-server.md"}, "practice-skill-challenge": {"name": "Practice Skill Challenge", "slug": "practice-skill-challenge", "path": "out/course_material/ruby-on-rails/content/deploying-and-scaling-rails-applications/deploying-to-production-servers/challenge-practice-skill-challenge.md"}}, "paths": ["out/course_material/ruby-on-rails/content/deploying-and-scaling-rails-applications/deploying-to-production-servers/page-understanding-production-deployment.md", "out/course_material/ruby-on-rails/content/deploying-and-scaling-rails-applications/deploying-to-production-servers/page-configuring-production-environment.md", "out/course_material/ruby-on-rails/content/deploying-and-scaling-rails-applications/deploying-to-production-servers/page-setting-up-nginx-and-puma.md", "out/course_material/ruby-on-rails/content/deploying-and-scaling-rails-applications/deploying-to-production-servers/page-deploying-rails-application-to-production-server.md", "out/course_material/ruby-on-rails/content/deploying-and-scaling-rails-applications/deploying-to-production-servers/challenge-practice-skill-challenge.md"]}, "optimizing-performance-and-scaling": {"name": "Optimizing Performance and Scaling", "slug": "optimizing-performance-and-scaling", "pageCount": 4, "pages": {"performance-optimization-strategies": {"name": "Performance Optimization Strategies", "slug": "performance-optimization-strategies", "path": "out/course_material/ruby-on-rails/content/deploying-and-scaling-rails-applications/optimizing-performance-and-scaling/page-performance-optimization-strategies.md"}, "implementing-caching-in-rails": {"name": "Implementing Caching in Rails", "slug": "implementing-caching-in-rails", "path": "out/course_material/ruby-on-rails/content/deploying-and-scaling-rails-applications/optimizing-performance-and-scaling/page-implementing-caching-in-rails.md"}, "load-balancing-for-scaling": {"name": "Load Balancing for Scaling", "slug": "load-balancing-for-scaling", "path": "out/course_material/ruby-on-rails/content/deploying-and-scaling-rails-applications/optimizing-performance-and-scaling/page-load-balancing-for-scaling.md"}, "scaling-rails-applications-for-high-traffic": {"name": "Scaling Rails Applications for High Traffic", "slug": "scaling-rails-applications-for-high-traffic", "path": "out/course_material/ruby-on-rails/content/deploying-and-scaling-rails-applications/optimizing-performance-and-scaling/page-scaling-rails-applications-for-high-traffic.md"}, "practice-skill-challenge": {"name": "Practice Skill Challenge", "slug": "practice-skill-challenge", "path": "out/course_material/ruby-on-rails/content/deploying-and-scaling-rails-applications/optimizing-performance-and-scaling/challenge-practice-skill-challenge.md"}}, "paths": ["out/course_material/ruby-on-rails/content/deploying-and-scaling-rails-applications/optimizing-performance-and-scaling/page-performance-optimization-strategies.md", "out/course_material/ruby-on-rails/content/deploying-and-scaling-rails-applications/optimizing-performance-and-scaling/page-implementing-caching-in-rails.md", "out/course_material/ruby-on-rails/content/deploying-and-scaling-rails-applications/optimizing-performance-and-scaling/page-load-balancing-for-scaling.md", "out/course_material/ruby-on-rails/content/deploying-and-scaling-rails-applications/optimizing-performance-and-scaling/page-scaling-rails-applications-for-high-traffic.md", "out/course_material/ruby-on-rails/content/deploying-and-scaling-rails-applications/optimizing-performance-and-scaling/challenge-practice-skill-challenge.md"]}, "final-skill-challenge": {"name": "Final Skill Challenge", "slug": "final-skill-challenge", "paths": ["out/course_material/ruby-on-rails/content/deploying-and-scaling-rails-applications/final-skill-challenge/final-skill-challenge.md"], "pages": {"page-final-skill-challenge": {"name": "Final Skill Challenge", "slug": "page-final-skill-challenge", "path": "out/course_material/ruby-on-rails/content/deploying-and-scaling-rails-applications/final-skill-challenge/final-skill-challenge.md"}}}}, "pageCount": 8, "paths": ["out/course_material/ruby-on-rails/content/deploying-and-scaling-rails-applications/deploying-to-production-servers/page-understanding-production-deployment.md", "out/course_material/ruby-on-rails/content/deploying-and-scaling-rails-applications/deploying-to-production-servers/page-configuring-production-environment.md", "out/course_material/ruby-on-rails/content/deploying-and-scaling-rails-applications/deploying-to-production-servers/page-setting-up-nginx-and-puma.md", "out/course_material/ruby-on-rails/content/deploying-and-scaling-rails-applications/deploying-to-production-servers/page-deploying-rails-application-to-production-server.md", "out/course_material/ruby-on-rails/content/deploying-and-scaling-rails-applications/optimizing-performance-and-scaling/page-performance-optimization-strategies.md", "out/course_material/ruby-on-rails/content/deploying-and-scaling-rails-applications/optimizing-performance-and-scaling/page-implementing-caching-in-rails.md", "out/course_material/ruby-on-rails/content/deploying-and-scaling-rails-applications/optimizing-performance-and-scaling/page-load-balancing-for-scaling.md", "out/course_material/ruby-on-rails/content/deploying-and-scaling-rails-applications/optimizing-performance-and-scaling/page-scaling-rails-applications-for-high-traffic.md", "out/course_material/ruby-on-rails/content/deploying-and-scaling-rails-applications/deploying-to-production-servers/challenge-practice-skill-challenge.md", "out/course_material/ruby-on-rails/content/deploying-and-scaling-rails-applications/optimizing-performance-and-scaling/challenge-practice-skill-challenge.md", "out/course_material/ruby-on-rails/content/deploying-and-scaling-rails-applications/final-skill-challenge/final-skill-challenge.md"]}}, "allPaths": ["out/course_material/ruby-on-rails/content/introduction-to-web-development/understanding-basic-programming-concepts/page-chapter-introduction-page.md", "out/course_material/ruby-on-rails/content/introduction-to-web-development/understanding-basic-programming-concepts/page-what-are-variables-and-why-are-they-important.md", "out/course_material/ruby-on-rails/content/introduction-to-web-development/understanding-basic-programming-concepts/page-exploring-loops-and-their-application-in-programming.md", "out/course_material/ruby-on-rails/content/introduction-to-web-development/understanding-basic-programming-concepts/page-understanding-conditional-statements-in-programming.md", "out/course_material/ruby-on-rails/content/introduction-to-web-development/getting-started-with-ruby-on-rails/page-chapter-introduction-page.md", "out/course_material/ruby-on-rails/content/introduction-to-web-development/getting-started-with-ruby-on-rails/page-understanding-the-model-view-controller-mvc-design-pattern.md", "out/course_material/ruby-on-rails/content/introduction-to-web-development/getting-started-with-ruby-on-rails/page-installation-and-setup-of-ruby-on-rails-and-its-dependencies.md", "out/course_material/ruby-on-rails/content/working-with-databases-in-rails/understanding-database-models/page-what-are-database-models.md", "out/course_material/ruby-on-rails/content/working-with-databases-in-rails/understanding-database-models/page-defining-database-models-in-rails.md", "out/course_material/ruby-on-rails/content/working-with-databases-in-rails/understanding-database-models/page-using-activerecord-for-database-interactions.md", "out/course_material/ruby-on-rails/content/working-with-databases-in-rails/database-migrations-and-relationships/page-understanding-database-migrations.md", "out/course_material/ruby-on-rails/content/working-with-databases-in-rails/database-migrations-and-relationships/page-implementing-database-relationships.md", "out/course_material/ruby-on-rails/content/working-with-databases-in-rails/advanced-database-concepts-optional/page-managing-database-indexes.md", "out/course_material/ruby-on-rails/content/working-with-databases-in-rails/advanced-database-concepts-optional/page-utilizing-database-transactions.md", "out/course_material/ruby-on-rails/content/managing-controllers-and-views/understanding-controllers-and-views/page-introduction-to-controllers-and-views.md", "out/course_material/ruby-on-rails/content/managing-controllers-and-views/understanding-controllers-and-views/page-what-are-controllers-and-their-role-in-rails.md", "out/course_material/ruby-on-rails/content/managing-controllers-and-views/understanding-controllers-and-views/page-creating-and-managing-controllers.md", "out/course_material/ruby-on-rails/content/managing-controllers-and-views/understanding-controllers-and-views/page-understanding-routing-and-restful-conventions-in-rails.md", "out/course_material/ruby-on-rails/content/managing-controllers-and-views/implementing-views-and-layouts/page-introduction-to-views-and-layouts.md", "out/course_material/ruby-on-rails/content/managing-controllers-and-views/implementing-views-and-layouts/page-implementing-views-for-user-interface.md", "out/course_material/ruby-on-rails/content/managing-controllers-and-views/implementing-views-and-layouts/page-utilizing-partials-and-view-helpers.md", "out/course_material/ruby-on-rails/content/managing-controllers-and-views/implementing-views-and-layouts/page-customizing-layouts-for-user-experience.md", "out/course_material/ruby-on-rails/content/user-authentication-and-authorization-in-rails/implementing-user-authentication/page-understanding-user-authentication.md", "out/course_material/ruby-on-rails/content/user-authentication-and-authorization-in-rails/implementing-user-authentication/page-introduction-to-devise-gem.md", "out/course_material/ruby-on-rails/content/user-authentication-and-authorization-in-rails/implementing-user-authentication/page-setting-up-devise-for-user-authentication.md", "out/course_material/ruby-on-rails/content/user-authentication-and-authorization-in-rails/implementing-user-authentication/page-customizing-devise-configuration.md", "out/course_material/ruby-on-rails/content/user-authentication-and-authorization-in-rails/managing-user-authorization/page-introduction-to-user-authorization.md", "out/course_material/ruby-on-rails/content/user-authentication-and-authorization-in-rails/managing-user-authorization/page-role-based-access-control-rbac-in-rails.md", "out/course_material/ruby-on-rails/content/user-authentication-and-authorization-in-rails/managing-user-authorization/page-implementing-access-control-lists-acl.md", "out/course_material/ruby-on-rails/content/user-authentication-and-authorization-in-rails/managing-user-authorization/page-fine-grained-authorization-strategies.md", "out/course_material/ruby-on-rails/content/testing-and-debugging-rails-applications/understanding-testing-and-test-driven-development/page-welcome-to-testing-and-debugging-in-rails-applications.md", "out/course_material/ruby-on-rails/content/testing-and-debugging-rails-applications/understanding-testing-and-test-driven-development/page-understanding-test-driven-development-tdd-in-rails.md", "out/course_material/ruby-on-rails/content/testing-and-debugging-rails-applications/understanding-testing-and-test-driven-development/page-benefits-of-tdd-and-its-impact-on-application-design.md", "out/course_material/ruby-on-rails/content/testing-and-debugging-rails-applications/writing-and-running-tests-with-rspec/page-introduction-to-rspec-and-testing-frameworks.md", "out/course_material/ruby-on-rails/content/testing-and-debugging-rails-applications/writing-and-running-tests-with-rspec/page-setting-up-rspec-for-rails-applications.md", "out/course_material/ruby-on-rails/content/testing-and-debugging-rails-applications/writing-and-running-tests-with-rspec/page-writing-and-running-unit-tests-with-rspec.md", "out/course_material/ruby-on-rails/content/testing-and-debugging-rails-applications/writing-and-running-tests-with-rspec/page-writing-and-running-integration-tests-with-rspec.md", "out/course_material/ruby-on-rails/content/testing-and-debugging-rails-applications/debugging-and-error-handling/page-introduction-to-debugging-rails-applications.md", "out/course_material/ruby-on-rails/content/testing-and-debugging-rails-applications/debugging-and-error-handling/page-using-byebug-or-pry-for-debugging.md", "out/course_material/ruby-on-rails/content/testing-and-debugging-rails-applications/debugging-and-error-handling/page-utilizing-logging-for-troubleshooting.md", "out/course_material/ruby-on-rails/content/testing-and-debugging-rails-applications/debugging-and-error-handling/page-implementing-effective-error-handling-techniques.md", "out/course_material/ruby-on-rails/content/working-with-apis-and-integrations-in-rails/consuming-external-apis/page-understanding-external-apis.md", "out/course_material/ruby-on-rails/content/working-with-apis-and-integrations-in-rails/consuming-external-apis/page-consuming-external-apis-in-rails.md", "out/course_material/ruby-on-rails/content/working-with-apis-and-integrations-in-rails/consuming-external-apis/page-implementing-api-authentication-and-error-handling.md", "out/course_material/ruby-on-rails/content/working-with-apis-and-integrations-in-rails/building-and-exposing-apis/page-building-and-exposing-apis-with-rails.md", "out/course_material/ruby-on-rails/content/working-with-apis-and-integrations-in-rails/building-and-exposing-apis/page-integrating-third-party-services-and-libraries.md", "out/course_material/ruby-on-rails/content/deploying-and-scaling-rails-applications/deploying-to-production-servers/page-understanding-production-deployment.md", "out/course_material/ruby-on-rails/content/deploying-and-scaling-rails-applications/deploying-to-production-servers/page-configuring-production-environment.md", "out/course_material/ruby-on-rails/content/deploying-and-scaling-rails-applications/deploying-to-production-servers/page-setting-up-nginx-and-puma.md", "out/course_material/ruby-on-rails/content/deploying-and-scaling-rails-applications/deploying-to-production-servers/page-deploying-rails-application-to-production-server.md", "out/course_material/ruby-on-rails/content/deploying-and-scaling-rails-applications/optimizing-performance-and-scaling/page-performance-optimization-strategies.md", "out/course_material/ruby-on-rails/content/deploying-and-scaling-rails-applications/optimizing-performance-and-scaling/page-implementing-caching-in-rails.md", "out/course_material/ruby-on-rails/content/deploying-and-scaling-rails-applications/optimizing-performance-and-scaling/page-load-balancing-for-scaling.md", "out/course_material/ruby-on-rails/content/deploying-and-scaling-rails-applications/optimizing-performance-and-scaling/page-scaling-rails-applications-for-high-traffic.md", "out/course_material/ruby-on-rails/content/introduction-to-web-development/understanding-basic-programming-concepts/challenge-practice-skill-challenge.md", "out/course_material/ruby-on-rails/content/introduction-to-web-development/getting-started-with-ruby-on-rails/challenge-practice-skill-challenge.md", "out/course_material/ruby-on-rails/content/working-with-databases-in-rails/understanding-database-models/challenge-practice-skill-challenge.md", "out/course_material/ruby-on-rails/content/working-with-databases-in-rails/database-migrations-and-relationships/challenge-practice-skill-challenge.md", "out/course_material/ruby-on-rails/content/working-with-databases-in-rails/advanced-database-concepts-optional/challenge-practice-skill-challenge.md", "out/course_material/ruby-on-rails/content/managing-controllers-and-views/understanding-controllers-and-views/challenge-practice-skill-challenge.md", "out/course_material/ruby-on-rails/content/managing-controllers-and-views/implementing-views-and-layouts/challenge-practice-skill-challenge.md", "out/course_material/ruby-on-rails/content/user-authentication-and-authorization-in-rails/implementing-user-authentication/challenge-practice-skill-challenge.md", "out/course_material/ruby-on-rails/content/user-authentication-and-authorization-in-rails/managing-user-authorization/challenge-practice-skill-challenge.md", "out/course_material/ruby-on-rails/content/testing-and-debugging-rails-applications/understanding-testing-and-test-driven-development/challenge-practice-skill-challenge.md", "out/course_material/ruby-on-rails/content/testing-and-debugging-rails-applications/writing-and-running-tests-with-rspec/challenge-practice-skill-challenge.md", "out/course_material/ruby-on-rails/content/testing-and-debugging-rails-applications/debugging-and-error-handling/challenge-practice-skill-challenge.md", "out/course_material/ruby-on-rails/content/working-with-apis-and-integrations-in-rails/consuming-external-apis/challenge-practice-skill-challenge.md", "out/course_material/ruby-on-rails/content/working-with-apis-and-integrations-in-rails/building-and-exposing-apis/challenge-practice-skill-challenge.md", "out/course_material/ruby-on-rails/content/deploying-and-scaling-rails-applications/deploying-to-production-servers/challenge-practice-skill-challenge.md", "out/course_material/ruby-on-rails/content/deploying-and-scaling-rails-applications/optimizing-performance-and-scaling/challenge-practice-skill-challenge.md", "out/course_material/ruby-on-rails/content/introduction-to-web-development/final-skill-challenge/final-skill-challenge.md", "out/course_material/ruby-on-rails/content/working-with-databases-in-rails/final-skill-challenge/final-skill-challenge.md", "out/course_material/ruby-on-rails/content/managing-controllers-and-views/final-skill-challenge/final-skill-challenge.md", "out/course_material/ruby-on-rails/content/user-authentication-and-authorization-in-rails/final-skill-challenge/final-skill-challenge.md", "out/course_material/ruby-on-rails/content/testing-and-debugging-rails-applications/final-skill-challenge/final-skill-challenge.md", "out/course_material/ruby-on-rails/content/working-with-apis-and-integrations-in-rails/final-skill-challenge/final-skill-challenge.md", "out/course_material/ruby-on-rails/content/deploying-and-scaling-rails-applications/final-skill-challenge/final-skill-challenge.md"]}