[{"courseName": "Python Basics and Control Structures", "chapters": [{"chapterName": "Introduction to Python", "pages": ["Chapter Introduction Page", "Understanding Python Syntax and Semantics", "Variables, Data Types, and Basic Operations in Python"]}, {"chapterName": "Control Structures and Functions", "pages": ["Chapter Introduction Page", "Knowledge of Control Structures: Loops and Conditional Statements", "Understanding Functions and Modules in Python"]}]}, {"courseName": "Data Handling in Python", "chapters": [{"chapterName": "Understanding Python Data Structures", "pages": ["Chapter Introduction Page", "Overview of Python Data Structures", "Lists, Tuples, and Sets in Python", "Dictionaries in Python", "Object-Oriented Programming in Python"]}, {"chapterName": "File Handling and Data Manipulation", "pages": ["Chapter Introduction Page", "Introduction to File I/O Operations in Python", "Data Manipulation in Python", "Working with CSV and JSON Files", "Project: Data Analysis and Visualization"]}]}, {"courseName": "Error Handling and Debugging in Python", "chapters": [{"chapterName": "Understanding Exception Handling", "pages": ["Chapter Introduction: What are exceptions and why are they important in Python?", "Common types of exceptions in Python and how to handle them", "Using try...except blocks for handling exceptions", "Raising custom exceptions to control program flow"]}, {"chapterName": "Debugging Python Code", "pages": ["Chapter Introduction: Importance of debugging in the development process", "Using print() and assert statements for simple debugging", "Using Python's built-in pdb (Python debugger) for advanced debugging", "Common debugging techniques and best practices"]}]}, {"courseName": "Working with Python Libraries and Frameworks", "chapters": [{"chapterName": "Introduction to Python Libraries", "pages": ["Overview of Python Libraries and Frameworks", "Installing and Managing Third-Party Libraries with pip", "Exploring NumPy and Pandas Libraries", "Introduction to Django and Flask Frameworks"]}, {"chapterName": "Web Development with Python", "pages": ["Building Web Applications with Python", "Understanding HTML, CSS, and JavaScript in Web Development", "Exploring Django Framework for Web Development", "Utilizing Flask for Web Application Development"]}]}, {"courseName": "Database Interaction with Python", "chapters": [{"chapterName": "Python and Databases", "pages": ["Introduction to Python and Databases", "Interacting with Databases using Python and SQL", "Using Python libraries like SQLAlchemy for Database Manipulation", "Database Integration with Python"]}, {"chapterName": "Database Integration in Python", "pages": ["Introduction to Database Integration", "Working with Python libraries like SQLAlchemy for Database Interaction", "Data Handling and Manipulation with Python and Databases", "Database Integration Best Practices"]}]}]