[{"courseName": "Python Basics and Control Structures", "modules": [{"name": "Introduction to Python", "skills": ["Knowledge of Python syntax and semantics", "Understand variables, data types, and basic operations"]}, {"name": "Control Structures and Functions", "skills": ["Knowledge of control structures like loops and conditional statements", "Understanding of functions and modules"]}]}, {"courseName": "Data Handling in Python", "modules": [{"name": "Python Data Structures", "skills": ["Understanding of Python data structures like lists, tuples, dictionaries, and sets", "Familiarity with object-oriented programming in Python"]}, {"name": "File Handling and Data Manipulation", "skills": ["Understanding of file input/output operations in Python", "Ability to manipulate and process data using Python"]}]}, {"courseName": "Error Handling and Debugging in Python", "modules": [{"name": "Exception Handling in Python", "skills": ["Ability to handle exceptions and errors in Python programs", "Proficiency in debugging Python code using tools like pdb or built-in debugging techniques"]}, {"name": "Troubleshooting Python Code", "skills": ["Proficiency in debugging Python code using tools like pdb or built-in debugging techniques", "Knowledge of Python syntax and semantics"]}]}, {"courseName": "Working with Python Libraries and Frameworks", "modules": [{"name": "Introduction to Python Libraries", "skills": ["Familiarity with popular Python libraries and frameworks like NumPy, Pandas, Django, Flask, and more", "Ability to install, manage, and use third-party libraries using tools like pip"]}, {"name": "Web Development with Python", "skills": ["Knowledge of building web applications using Python and related technologies like HTML, CSS, and JavaScript", "Understanding of web frameworks such as Django and Flask"]}]}, {"courseName": "Database Interaction with Python", "modules": [{"name": "Python and Databases", "skills": ["Ability to interact with databases using Python and SQL", "Understanding of database manipulation using libraries like SQLAlchemy"]}, {"name": "Database Integration in Python", "skills": ["Understanding of database manipulation using libraries like SQLAlchemy", "Knowledge of Python syntax and semantics"]}]}]