[{"category": "Programming Fundamentals", "skills": ["Understand variables, data types, and basic operations", "Knowledge of control structures like loops and conditional statements", "Understanding of functions and modules"]}, {"category": "Python Language Specifics", "skills": ["Knowledge of Python syntax and semantics", "Understanding of Python data structures like lists, tuples, dictionaries, and sets", "Familiarity with object-oriented programming in Python"]}, {"category": "Error Handling and Debugging", "skills": ["Ability to handle exceptions and errors in Python programs", "Proficiency in debugging Python code using tools like pdb or built-in debugging techniques"]}, {"category": "Working with Libraries and Frameworks", "skills": ["Familiarity with popular Python libraries and frameworks like NumPy, Pandas, Django, Flask, and more", "Ability to install, manage, and use third-party libraries using tools like pip"]}, {"category": "File Handling and Data Manipulation", "skills": ["Understanding of file input/output operations in Python", "Ability to manipulate and process data using Python"]}, {"category": "Web Development", "skills": ["Knowledge of building web applications using Python and related technologies like HTML, CSS, and JavaScript", "Understanding of web frameworks such as Django and Flask"]}, {"category": "Database Integration", "skills": ["Ability to interact with databases using Python and SQL", "Understanding of database manipulation using libraries like SQLAlchemy"]}]