[{"courseName": "Introduction to Ruby on Rails", "chapters": [{"chapterName": "Getting Started with Ruby on Rails", "pages": ["Chapter Introduction Page: Welcome to Ruby on Rails", "Understanding variables, data types, and operators", "Writing and understanding simple control structures (if statements, loops)", "Understanding functions and basic concepts of object-oriented programming", "Understanding the syntax and structure of the Ruby language", "Working with arrays, hashes, and other data structures in Ruby", "Knowledge of Ruby's object-oriented features"]}]}, {"courseName": "Web Development with Rails", "chapters": [{"chapterName": "Understanding Web Development Fundamentals", "pages": ["Chapter Introduction Page - Explaining the role of HTML and CSS in web development", "Basic HTML and CSS concepts", "Client-server architecture and the role of browsers in web development", "Overview of HTTP protocols and how they facilitate web communication"]}, {"chapterName": "Exploring Rails Framework Knowledge", "pages": ["Chapter Introduction Page - Understanding the Model-View-Controller (MVC) architecture", "Creating and managing database migrations in Rails", "Using ActiveRecord for database interactions"]}]}, {"courseName": "Building Modern Web Apps with Rails", "chapters": [{"chapterName": "Frontend Development Skills in Rails", "pages": ["Introduction to Frontend Development in Rails", "Using JavaScript and jQuery with Rails applications", "Implementing responsive design and front-end frameworks like Bootstrap", "Understanding AJAX and its implementation in Rails"]}, {"chapterName": "Rails Development Tools", "pages": ["Introduction to Rails Development Tools", "Using the Rails command-line tools and generators", "Working with Git for version control in Rails", "Familiarity with testing frameworks like RSpec or Minitest"]}]}, {"courseName": "Security and Performance in Rails", "chapters": [{"chapterName": "Understanding Security in Rails", "pages": ["Chapter Introduction Page - Explaining the importance of security in web applications and specifically in Ruby on Rails development", "Common Security Vulnerabilities in Rails - Exploring common security vulnerabilities such as SQL injection, cross-site scripting (XSS), and cross-site request forgery (CSRF)", "Best Practices for Securing Rails Applications - Discussing best practices for securing a Rails application, including input validation, parameterized queries, and secure session management"]}, {"chapterName": "Implementing Performance Optimization", "pages": ["Chapter Introduction Page - Introduction to the importance of performance optimization in Rails applications", "Database Query Optimization - Techniques for optimizing database queries and improving overall performance", "Performance Tuning in Rails - Strategies for performance tuning in Rails applications, including cache optimization and minimizing database queries"]}]}, {"courseName": "Deployment and DevOps for Rails Applications", "chapters": [{"chapterName:": "Introduction to Deployment and DevOps for Rails Applications", "pages": ["Overview of Deployment and DevOps in Rails Applications", "Understanding the Basics of Server Configuration and Maintenance", "Implementing Continuous Integration and Deployment Pipelines with Rails Applications", "Quiz on Deployment and DevOps for Rails Applications"]}]}]