[{"courseName": "JavaScript Fundamentals", "chapters": [{"chapterName": "Basic Programming Concepts", "pages": ["Chapter Introduction Page - Welcome to Basic Programming Concepts", "Understanding basic programming concepts (variables, loops, functions)", "Understanding data types (strings, numbers, arrays, objects)", "Practice Skill Challenge - Basic Programming Concepts"]}, {"chapterName": "Control Flow and DOM", "pages": ["Chapter Introduction Page - Control Flow and the Document Object Model (DOM)", "Understanding control flow (if statements, switch statements)", "Understanding the Document Object Model (DOM)", "Practice Skill Challenge - Control Flow and DOM"]}]}, {"courseName": "Mastering Core Language Features", "chapters": null}, {"courseName": "Modern JavaScript (ES6 and Beyond)", "chapters": [{"chapterName": "Understanding ES6 Features", "pages": ["Chapter Introduction Page - Welcome to the world of modern JavaScript! In this chapter, we will explore the exciting new features introduced in ES6 (ECMAScript 2015) that significantly enhance your JavaScript programming experience.", "Page 1 - Let's start by understanding the 'let' and 'const' keywords, which provide block-scoped variables and constants in JavaScript.", "Page 2 - Next, we'll dive into the advantages of arrow functions and their concise syntax for writing functions in JavaScript.", "Page 3 - We'll then explore template literals and how they simplify working with strings and variables in JavaScript.", "Page 4 - Lastly, we'll discuss the '...spread' and 'rest' operators, and how they can be used to manipulate arrays and function arguments effectively."]}, {"chapterName": "Understanding Newer Features", "pages": ["Chapter Introduction Page - Welcome to the future of JavaScript! In this chapter, we will explore the newer features introduced in ES7, ES8, and beyond that continue to evolve the JavaScript language.", "Page 1 - Let's delve into asynchronous functions and how they offer a cleaner and more concise way to work with asynchronous code using the 'async' and 'await' keywords.", "Page 2 - Next, we'll explore the Object.values(), Object.entries(), and Object.getOwnPropertyDescriptors() methods, which provide powerful functionalities for working with objects in JavaScript.", "Page 3 - We'll then discuss the improvements made to regular expressions in ES6 and later versions, including the 'sticky' and 'unicode' flags.", "Page 4 - Lastly, we'll touch upon the BigInt data type and its significance in handling large integers in JavaScript."]}, {"chapterName": "Practice Skill Challenge", "pages": ["Chapter Introduction Page - It's time to put your ES6 and beyond knowledge to the test! In this practice skill challenge, you will tackle programming exercises and quizzes that reinforce the concepts covered in the previous chapters.", "Page 1 - Practice Problem 1: Using let and const", "Page 2 - Practice Problem 2: Implementing Arrow Functions", "Page 3 - Practice Problem 3: Working with Template Literals", "Page 4 - Practice Problem 4: Asynchronous Functions and Await", "Page 5 - Practice Problem 5: Applying Object Methods"]}]}, {"courseName": "Working with the DOM and Asynchronous Programming", "chapters": [{"chapterName": "Working with the DOM", "pages": ["Introduction to Manipulating the DOM using JavaScript", "Selecting DOM Elements", "Modifying DOM Elements", "Creating and Removing DOM Elements", "Handling Events in the DOM", "Practice Skill Challenge - Working with the DOM"]}, {"chapterName": "Asynchronous Programming", "pages": ["Understanding Asynchronous Code in JavaScript", "Using Callbacks for Asynchronous Operations", "Working with Promises for Asynchronous Operations", "Chaining Promises and Handling Errors", "Async/Await Syntax for Asynchronous Operations", "Practice Skill Challenge - Asynchronous Programming"]}]}, {"courseName": "Error Handling and Data Manipulation", "chapters": [{"chapterName": "Error Handling and Debugging", "pages": ["Introduction to Error Handling and Debugging in JavaScript", "Understanding Common JavaScript Errors", "Strategies for Debugging and Troubleshooting JavaScript Code", "Practice Skill Challenge: Error Handling and Debugging Exercises"]}, {"chapterName": "Working with Data", "pages": ["Introduction to Working with Data in JavaScript", "Handling and Manipulating Arrays in JavaScript", "Understanding JSON and Working with JSON Data", "Practice Skill Challenge: Data Manipulation Exercises"]}]}, {"courseName": "Front-End Frameworks and Libraries", "chapters": [{"chapterName": "Client-Side Frameworks", "pages": ["Chapter Introduction: Welcome to Client-Side Frameworks", "What are Front-End Frameworks?", "Understanding React", "Understanding Angular", "Understanding Vue", "Practice Skill Challenge: Client-Side Frameworks"]}, {"chapterName": "Front-End Libraries", "pages": ["Chapter Introduction: Exploring Front-End Libraries", "Introduction to jQuery", "Utilizing jQuery for DOM Manipulation", "Introduction to lodash", "Managing Data with lodash", "Practice Skill Challenge: Front-End Libraries"]}]}, {"courseName": "Server-Side JavaScript and Testing Tools", "chapters": [{"chapterName:": "Understanding Node.js and its Ecosystem", "pages": ["Introduction to Node.js", "Node.js Core Features", "Using NPM for Package Management", "Building Server-Side Applications with Express", "Practice Skill Challenge"]}, {"chapterName:": "Testing and Debugging Tools", "pages": ["Introduction to Testing Frameworks", "Using Jest for Testing Node.js Applications", "Introduction to Mocha and Jasmine", "Utilizing Browser Developer Tools for Debugging", "Practice Skill Challenge"]}]}]