[{"courseName": "JavaScript Fundamentals", "chapters": [{"chapterName": "JavaScript Basics", "pages": ["Introduction to JavaScript Basics", "Understanding Variables and Data Types", "Working with Operators and Expressions", "Practice Skill Challenge: JavaScript Basics"]}, {"chapterName": "Control Flow and Functions", "pages": ["Introduction to Control Flow and Functions", "Understanding Control Flow (if Statements, Loops)", "Knowledge of Functions and Scope", "Practice Skill Challenge: Control Flow and Functions"]}]}, {"courseName": "DOM Manipulation and Event Handling", "chapters": [{"chapterName": "Understanding DOM Manipulation", "pages": ["Welcome to DOM Manipulation and Event Handling Course", "What is the DOM?", "Accessing Elements in the DOM", "Manipulating DOM Elements", "Practice Skill Challenge: Access and Manipulate the DOM"]}, {"chapterName": "Event Handling in JavaScript", "pages": ["Welcome to Event Handling in JavaScript", "Understanding Events and Event Handlers", "Adding Event Listeners", "Event Object and Event Propagation", "Practice Skill Challenge: Create and Handle Events"]}, {"chapterName": "Asynchronous Data Retrieval with AJAX", "pages": ["Welcome to Asynchronous Data Retrieval with AJAX", "What is AJAX?", "Making Asynchronous HTTP Requests", "Handling AJAX Responses", "Practice Skill Challenge: Retrieve Data Asynchronously with AJAX"]}]}, {"courseName": "Asynchronous Programming in JavaScript", "chapters": [{"chapterName": "Callbacks and Promises", "pages": ["Introduction to Asynchronous Programming", "Understanding Callback Functions", "Nested Callbacks and Callback Hell", "Introducing Promises", "Chaining Promises for Sequential Async Operations", "Handling Promise Errors with .catch()", "Practice Skill Challenge: Implementing Callbacks and Promises"]}, {"chapterName": "Working with APIs", "pages": ["Introduction to APIs and HTTP Requests", "Making GET Requests with Fetch API", "Handling Response Data", "Making POST Requests with Fetch API", "Working with Async/Await for API Calls", "Practice Skill Challenge: Building a Weather Forecast App"]}]}, {"courseName": "JavaScript Frameworks and Libraries", "chapters": [{"chapterName": "Understanding jQuery Fundamentals", "pages": ["Welcome to jQuery Fundamentals", "What is jQuery?", "Selecting Elements with jQuery", "Manipulating Elements with jQuery", "Adding Event Handlers with jQuery", "Practice skill challenge: jQuery Fundamentals"]}, {"chapterName": "Introduction to React/Vue.js/Angular", "pages": ["Welcome to React/Vue.js/Angular", "Overview of React, Vue.js, and Angular", "Setting up a Simple Application", "Working with Components", "Practice skill challenge: React/Vue.js/Angular"]}, {"chapterName": "Server-side JavaScript with Node.js", "pages": ["Welcome to Server-side JavaScript with Node.js", "What is Node.js?", "Setting up a Basic Server with Node.js", "Working with Modules in Node.js", "Interacting with the File System", "Practice skill challenge: Server-side JavaScript with Node.js"]}]}, {"courseName": "Debugging and Testing in JavaScript", "chapters": [{"chapterName": "Using Browser Developer Tools", "pages": ["Welcome to Using Browser Developer Tools", "Understanding the Importance of Debugging", "Introduction to Browser Developer Tools", "Using the Console for Debugging", "Using the Network Tab for Debugging", "Using the Sources Tab for Debugging", "Using the Elements Tab for Debugging", "Applying Debugging Techniques", "Practice Skill Challenge: Debugging with Browser Developer Tools"]}, {"chapterName": "Unit Testing with Jest/Mocha", "pages": ["Welcome to Unit Testing with Jest/Mocha", "Understanding the Importance of Unit Testing", "Introduction to Jest and Mocha", "Writing Your First Unit Test", "Running and Analyzing Unit Tests", "Organizing Unit Tests", "Mocking and Stubbing Functions", "Best Practices for Unit Testing", "Practice Skill Challenge: Writing Unit Tests with Jest/Mocha"]}]}, {"courseName": "Modern JavaScript (ES6 and Beyond)", "chapters": [{"chapterName": "ES6 Features", "pages": ["Welcome to ES6 Features", "Understanding Arrow Functions", "Using Template Literals", "Exploring Destructuring", "The Power of Spread and Rest Operators", "Practice Skill Challenge for ES6 Features"]}, {"chapterName": "Classes and Modules", "pages": ["Welcome to Classes and Modules", "Understanding Classes in ES6", "Exploring Modules", "Applying Classes and Modules in a Project", "Practice Skill Challenge for Classes and Modules"]}]}]