[{"courseName": "JavaScript Fundamentals", "modules": [{"name": "JavaScript Basics", "skills": ["Understanding variables and data types", "Working with operators and expressions"]}, {"name": "Control Flow and Functions", "skills": ["Understanding control flow (if statements, loops)", "Knowledge of functions and scope"]}]}, {"courseName": "DOM Manipulation and Event Handling", "modules": [{"name": "DOM Manipulation", "skills": ["Accessing and manipulating elements on a webpage", "Understanding event handling"]}, {"name": "Asynchronous Data Retrieval", "skills": ["Using AJAX for asynchronous data retrieval"]}]}, {"courseName": "Asynchronous Programming in JavaScript", "modules": [{"name": "Callbacks and Promises", "skills": ["Understanding callbacks", "Using Promises and async/await"]}, {"name": "Working with APIs", "skills": ["Working with APIs and making HTTP requests"]}]}, {"courseName": "JavaScript Frameworks and Libraries", "modules": [{"name": "jQuery Fundamentals", "skills": ["Understanding and using jQuery"]}, {"name": "Introduction to React/Vue.js/Angular", "skills": ["Working with React, Vue.js, or Angular"]}, {"name": "Server-side JavaScript with Node.js", "skills": ["Knowledge of Node.js for server-side JavaScript"]}]}, {"courseName": "Debugging and Testing in JavaScript", "modules": [{"name": "Using Browser Developer Tools", "skills": ["Using browser developer tools for debugging"]}, {"name": "Unit Testing with Jest/Mocha", "skills": ["Writing unit tests with tools like Jest or Mocha"]}]}, {"courseName": "Modern JavaScript (ES6 and Beyond)", "modules": [{"name": "ES6 Features", "skills": ["Using arrow functions and template literals", "Using newer features like destructuring and spread/rest operators"]}, {"name": "Classes and Modules", "skills": ["Knowledge of classes and modules"]}]}]