[{"category": "Fundamental Concepts", "skills": ["Understanding variables and data types", "Working with operators and expressions", "Understanding control flow (if statements, loops)", "Knowledge of functions and scope", "Understanding arrays and objects"]}, {"category": "DOM Manipulation", "skills": ["Accessing and manipulating elements on a webpage", "Understanding event handling", "Using AJAX for asynchronous data retrieval"]}, {"category": "Asynchronous Programming", "skills": ["Understanding callbacks", "Using Promises and async/await", "Working with APIs and making HTTP requests"]}, {"category": "Frameworks and Libraries", "skills": ["Understanding and using jQuery", "Working with React, Vue.js, or Angular", "Knowledge of Node.js for server-side JavaScript"]}, {"category": "Debugging and Testing", "skills": ["Using browser developer tools for debugging", "Writing unit tests with tools like Jest or Mocha"]}, {"category": "ES6 and Beyond", "skills": ["Using arrow functions and template literals", "Knowledge of classes and modules", "Using newer features like destructuring and spread/rest operators"]}]