{"topic": "Ruby on Rails", "totalPages": 42, "courses": {"introduction-to-web-development": {"courseName": "Introduction to Web Development", "slug": "introduction-to-web-development", "chapters": {"understanding-web-technologies": {"name": "Understanding Web Technologies", "slug": "understanding-web-technologies", "pageCount": 4, "pages": {"the-building-blocks-of-the-web": {"name": "The Building Blocks of the Web", "slug": "the-building-blocks-of-the-web", "path": "out/course_material/ruby-on-rails/content/introduction-to-web-development/understanding-web-technologies/page-the-building-blocks-of-the-web.md"}, "role-of-html-and-css": {"name": "Role of HTML and CSS", "slug": "role-of-html-and-css", "path": "out/course_material/ruby-on-rails/content/introduction-to-web-development/understanding-web-technologies/page-role-of-html-and-css.md"}, "how-web-servers-and-browsers-interact": {"name": "How Web Servers and Browsers Interact", "slug": "how-web-servers-and-browsers-interact", "path": "out/course_material/ruby-on-rails/content/introduction-to-web-development/understanding-web-technologies/page-how-web-servers-and-browsers-interact.md"}, "recap-and-quiz": {"name": "Recap and Quiz", "slug": "recap-and-quiz", "path": "out/course_material/ruby-on-rails/content/introduction-to-web-development/understanding-web-technologies/page-recap-and-quiz.md"}}, "paths": ["out/course_material/ruby-on-rails/content/introduction-to-web-development/understanding-web-technologies/page-the-building-blocks-of-the-web.md", "out/course_material/ruby-on-rails/content/introduction-to-web-development/understanding-web-technologies/page-role-of-html-and-css.md", "out/course_material/ruby-on-rails/content/introduction-to-web-development/understanding-web-technologies/page-how-web-servers-and-browsers-interact.md", "out/course_material/ruby-on-rails/content/introduction-to-web-development/understanding-web-technologies/page-recap-and-quiz.md"]}, "client-server-architecture-and-http-protocol": {"name": "Client-Server Architecture and HTTP Protocol", "slug": "client-server-architecture-and-http-protocol", "pageCount": 5, "pages": {"client-server-communication-basics": {"name": "Client-Server Communication Basics", "slug": "client-server-communication-basics", "path": "out/course_material/ruby-on-rails/content/introduction-to-web-development/client-server-architecture-and-http-protocol/page-client-server-communication-basics.md"}, "understanding-the-http-protocol": {"name": "Understanding the HTTP Protocol", "slug": "understanding-the-http-protocol", "path": "out/course_material/ruby-on-rails/content/introduction-to-web-development/client-server-architecture-and-http-protocol/page-understanding-the-http-protocol.md"}, "http-requests-and-responses": {"name": "HTTP Requests and Responses", "slug": "http-requests-and-responses", "path": "out/course_material/ruby-on-rails/content/introduction-to-web-development/client-server-architecture-and-http-protocol/page-http-requests-and-responses.md"}, "exploring-http-headers": {"name": "Exploring HTTP Headers", "slug": "exploring-http-headers", "path": "out/course_material/ruby-on-rails/content/introduction-to-web-development/client-server-architecture-and-http-protocol/page-exploring-http-headers.md"}, "recap-and-quiz": {"name": "Recap and Quiz", "slug": "recap-and-quiz", "path": "out/course_material/ruby-on-rails/content/introduction-to-web-development/client-server-architecture-and-http-protocol/page-recap-and-quiz.md"}}, "paths": ["out/course_material/ruby-on-rails/content/introduction-to-web-development/client-server-architecture-and-http-protocol/page-client-server-communication-basics.md", "out/course_material/ruby-on-rails/content/introduction-to-web-development/client-server-architecture-and-http-protocol/page-understanding-the-http-protocol.md", "out/course_material/ruby-on-rails/content/introduction-to-web-development/client-server-architecture-and-http-protocol/page-http-requests-and-responses.md", "out/course_material/ruby-on-rails/content/introduction-to-web-development/client-server-architecture-and-http-protocol/page-exploring-http-headers.md", "out/course_material/ruby-on-rails/content/introduction-to-web-development/client-server-architecture-and-http-protocol/page-recap-and-quiz.md"]}}, "pageCount": 9, "paths": ["out/course_material/ruby-on-rails/content/introduction-to-web-development/understanding-web-technologies/page-the-building-blocks-of-the-web.md", "out/course_material/ruby-on-rails/content/introduction-to-web-development/understanding-web-technologies/page-role-of-html-and-css.md", "out/course_material/ruby-on-rails/content/introduction-to-web-development/understanding-web-technologies/page-how-web-servers-and-browsers-interact.md", "out/course_material/ruby-on-rails/content/introduction-to-web-development/understanding-web-technologies/page-recap-and-quiz.md", "out/course_material/ruby-on-rails/content/introduction-to-web-development/client-server-architecture-and-http-protocol/page-client-server-communication-basics.md", "out/course_material/ruby-on-rails/content/introduction-to-web-development/client-server-architecture-and-http-protocol/page-understanding-the-http-protocol.md", "out/course_material/ruby-on-rails/content/introduction-to-web-development/client-server-architecture-and-http-protocol/page-http-requests-and-responses.md", "out/course_material/ruby-on-rails/content/introduction-to-web-development/client-server-architecture-and-http-protocol/page-exploring-http-headers.md", "out/course_material/ruby-on-rails/content/introduction-to-web-development/client-server-architecture-and-http-protocol/page-recap-and-quiz.md"]}, "ruby-fundamentals": {"courseName": "Ruby Fundamentals", "slug": "ruby-fundamentals", "chapters": {"basic-programming-concepts": {"name": "Basic Programming Concepts", "slug": "basic-programming-concepts", "pageCount": 4, "pages": {"introduction-to-basic-programming-concepts": {"name": "Introduction to Basic Programming Concepts", "slug": "introduction-to-basic-programming-concepts", "path": "out/course_material/ruby-on-rails/content/ruby-fundamentals/basic-programming-concepts/page-introduction-to-basic-programming-concepts.md"}, "understanding-variables-in-ruby": {"name": "Understanding Variables in Ruby", "slug": "understanding-variables-in-ruby", "path": "out/course_material/ruby-on-rails/content/ruby-fundamentals/basic-programming-concepts/page-understanding-variables-in-ruby.md"}, "exploring-data-types-in-ruby": {"name": "Exploring Data Types in Ruby", "slug": "exploring-data-types-in-ruby", "path": "out/course_material/ruby-on-rails/content/ruby-fundamentals/basic-programming-concepts/page-exploring-data-types-in-ruby.md"}, "control-structures-in-ruby": {"name": "Control Structures in Ruby", "slug": "control-structures-in-ruby", "path": "out/course_material/ruby-on-rails/content/ruby-fundamentals/basic-programming-concepts/page-control-structures-in-ruby.md"}}, "paths": ["out/course_material/ruby-on-rails/content/ruby-fundamentals/basic-programming-concepts/page-introduction-to-basic-programming-concepts.md", "out/course_material/ruby-on-rails/content/ruby-fundamentals/basic-programming-concepts/page-understanding-variables-in-ruby.md", "out/course_material/ruby-on-rails/content/ruby-fundamentals/basic-programming-concepts/page-exploring-data-types-in-ruby.md", "out/course_material/ruby-on-rails/content/ruby-fundamentals/basic-programming-concepts/page-control-structures-in-ruby.md"]}, "writing-and-understanding-ruby-programs": {"name": "Writing and Understanding Ruby Programs", "slug": "writing-and-understanding-ruby-programs", "pageCount": 3, "pages": {"introduction-to-ruby-programming-language": {"name": "Introduction to Ruby Programming Language", "slug": "introduction-to-ruby-programming-language", "path": "out/course_material/ruby-on-rails/content/ruby-fundamentals/writing-and-understanding-ruby-programs/page-introduction-to-ruby-programming-language.md"}, "writing-simple-ruby-programs": {"name": "Writing Simple Ruby Programs", "slug": "writing-simple-ruby-programs", "path": "out/course_material/ruby-on-rails/content/ruby-fundamentals/writing-and-understanding-ruby-programs/page-writing-simple-ruby-programs.md"}, "understanding-code-execution-in-ruby": {"name": "Understanding Code Execution in Ruby", "slug": "understanding-code-execution-in-ruby", "path": "out/course_material/ruby-on-rails/content/ruby-fundamentals/writing-and-understanding-ruby-programs/page-understanding-code-execution-in-ruby.md"}}, "paths": ["out/course_material/ruby-on-rails/content/ruby-fundamentals/writing-and-understanding-ruby-programs/page-introduction-to-ruby-programming-language.md", "out/course_material/ruby-on-rails/content/ruby-fundamentals/writing-and-understanding-ruby-programs/page-writing-simple-ruby-programs.md", "out/course_material/ruby-on-rails/content/ruby-fundamentals/writing-and-understanding-ruby-programs/page-understanding-code-execution-in-ruby.md"]}}, "pageCount": 7, "paths": ["out/course_material/ruby-on-rails/content/ruby-fundamentals/basic-programming-concepts/page-introduction-to-basic-programming-concepts.md", "out/course_material/ruby-on-rails/content/ruby-fundamentals/basic-programming-concepts/page-understanding-variables-in-ruby.md", "out/course_material/ruby-on-rails/content/ruby-fundamentals/basic-programming-concepts/page-exploring-data-types-in-ruby.md", "out/course_material/ruby-on-rails/content/ruby-fundamentals/basic-programming-concepts/page-control-structures-in-ruby.md", "out/course_material/ruby-on-rails/content/ruby-fundamentals/writing-and-understanding-ruby-programs/page-introduction-to-ruby-programming-language.md", "out/course_material/ruby-on-rails/content/ruby-fundamentals/writing-and-understanding-ruby-programs/page-writing-simple-ruby-programs.md", "out/course_material/ruby-on-rails/content/ruby-fundamentals/writing-and-understanding-ruby-programs/page-understanding-code-execution-in-ruby.md"]}, "getting-started-with-ruby-on-rails": {"courseName": "Getting Started with Ruby on Rails", "slug": "getting-started-with-ruby-on-rails", "chapters": {"understanding-model-view-controller-mvc-architecture": {"name": "Understanding Model-View-Controller (MVC) Architecture", "slug": "understanding-model-view-controller-mvc-architecture", "pageCount": 4, "pages": {"what-is-mvc-architecture": {"name": "What is MVC Architecture?", "slug": "what-is-mvc-architecture", "path": "out/course_material/ruby-on-rails/content/getting-started-with-ruby-on-rails/understanding-model-view-controller-mvc-architecture/page-what-is-mvc-architecture.md"}, "model-view-and-controller-explained": {"name": "Model, View, and Controller Explained", "slug": "model-view-and-controller-explained", "path": "out/course_material/ruby-on-rails/content/getting-started-with-ruby-on-rails/understanding-model-view-controller-mvc-architecture/page-model-view-and-controller-explained.md"}, "the-role-of-mvc-in-rails": {"name": "The Role of MVC in Rails", "slug": "the-role-of-mvc-in-rails", "path": "out/course_material/ruby-on-rails/content/getting-started-with-ruby-on-rails/understanding-model-view-controller-mvc-architecture/page-the-role-of-mvc-in-rails.md"}, "benefits-of-using-mvc-in-web-development": {"name": "Benefits of Using MVC in Web Development", "slug": "benefits-of-using-mvc-in-web-development", "path": "out/course_material/ruby-on-rails/content/getting-started-with-ruby-on-rails/understanding-model-view-controller-mvc-architecture/page-benefits-of-using-mvc-in-web-development.md"}}, "paths": ["out/course_material/ruby-on-rails/content/getting-started-with-ruby-on-rails/understanding-model-view-controller-mvc-architecture/page-what-is-mvc-architecture.md", "out/course_material/ruby-on-rails/content/getting-started-with-ruby-on-rails/understanding-model-view-controller-mvc-architecture/page-model-view-and-controller-explained.md", "out/course_material/ruby-on-rails/content/getting-started-with-ruby-on-rails/understanding-model-view-controller-mvc-architecture/page-the-role-of-mvc-in-rails.md", "out/course_material/ruby-on-rails/content/getting-started-with-ruby-on-rails/understanding-model-view-controller-mvc-architecture/page-benefits-of-using-mvc-in-web-development.md"]}, "creating-a-basic-rails-application": {"name": "Creating a Basic Rails Application", "slug": "creating-a-basic-rails-application", "pageCount": 4, "pages": {"setting-up-a-new-rails-project": {"name": "Setting up a New Rails Project", "slug": "setting-up-a-new-rails-project", "path": "out/course_material/ruby-on-rails/content/getting-started-with-ruby-on-rails/creating-a-basic-rails-application/page-setting-up-a-new-rails-project.md"}, "understanding-the-rails-directory-structure": {"name": "Understanding the Rails Directory Structure", "slug": "understanding-the-rails-directory-structure", "path": "out/course_material/ruby-on-rails/content/getting-started-with-ruby-on-rails/creating-a-basic-rails-application/page-understanding-the-rails-directory-structure.md"}, "working-with-models-in-rails": {"name": "Working with Models in Rails", "slug": "working-with-models-in-rails", "path": "out/course_material/ruby-on-rails/content/getting-started-with-ruby-on-rails/creating-a-basic-rails-application/page-working-with-models-in-rails.md"}, "interacting-with-views-and-controllers-in-rails": {"name": "Interacting with Views and Controllers in Rails", "slug": "interacting-with-views-and-controllers-in-rails", "path": "out/course_material/ruby-on-rails/content/getting-started-with-ruby-on-rails/creating-a-basic-rails-application/page-interacting-with-views-and-controllers-in-rails.md"}}, "paths": ["out/course_material/ruby-on-rails/content/getting-started-with-ruby-on-rails/creating-a-basic-rails-application/page-setting-up-a-new-rails-project.md", "out/course_material/ruby-on-rails/content/getting-started-with-ruby-on-rails/creating-a-basic-rails-application/page-understanding-the-rails-directory-structure.md", "out/course_material/ruby-on-rails/content/getting-started-with-ruby-on-rails/creating-a-basic-rails-application/page-working-with-models-in-rails.md", "out/course_material/ruby-on-rails/content/getting-started-with-ruby-on-rails/creating-a-basic-rails-application/page-interacting-with-views-and-controllers-in-rails.md"]}}, "pageCount": 8, "paths": ["out/course_material/ruby-on-rails/content/getting-started-with-ruby-on-rails/understanding-model-view-controller-mvc-architecture/page-what-is-mvc-architecture.md", "out/course_material/ruby-on-rails/content/getting-started-with-ruby-on-rails/understanding-model-view-controller-mvc-architecture/page-model-view-and-controller-explained.md", "out/course_material/ruby-on-rails/content/getting-started-with-ruby-on-rails/understanding-model-view-controller-mvc-architecture/page-the-role-of-mvc-in-rails.md", "out/course_material/ruby-on-rails/content/getting-started-with-ruby-on-rails/understanding-model-view-controller-mvc-architecture/page-benefits-of-using-mvc-in-web-development.md", "out/course_material/ruby-on-rails/content/getting-started-with-ruby-on-rails/creating-a-basic-rails-application/page-setting-up-a-new-rails-project.md", "out/course_material/ruby-on-rails/content/getting-started-with-ruby-on-rails/creating-a-basic-rails-application/page-understanding-the-rails-directory-structure.md", "out/course_material/ruby-on-rails/content/getting-started-with-ruby-on-rails/creating-a-basic-rails-application/page-working-with-models-in-rails.md", "out/course_material/ruby-on-rails/content/getting-started-with-ruby-on-rails/creating-a-basic-rails-application/page-interacting-with-views-and-controllers-in-rails.md"]}, "intermediate-rails-development": {"courseName": "Intermediate Rails Development", "slug": "intermediate-rails-development", "chapters": {"authentication-and-authorization-in-rails": {"name": "Authentication and Authorization in Rails", "slug": "authentication-and-authorization-in-rails", "pageCount": 4, "pages": {"understanding-authentication-and-authorization": {"name": "Understanding Authentication and Authorization", "slug": "understanding-authentication-and-authorization", "path": "out/course_material/ruby-on-rails/content/intermediate-rails-development/authentication-and-authorization-in-rails/page-understanding-authentication-and-authorization.md"}, "implementing-authentication-in-rails": {"name": "Implementing Authentication in Rails", "slug": "implementing-authentication-in-rails", "path": "out/course_material/ruby-on-rails/content/intermediate-rails-development/authentication-and-authorization-in-rails/page-implementing-authentication-in-rails.md"}, "implementing-authorization-in-rails": {"name": "Implementing Authorization in Rails", "slug": "implementing-authorization-in-rails", "path": "out/course_material/ruby-on-rails/content/intermediate-rails-development/authentication-and-authorization-in-rails/page-implementing-authorization-in-rails.md"}, "restful-routing-in-rails-applications": {"name": "RESTful Routing in Rails Applications", "slug": "restful-routing-in-rails-applications", "path": "out/course_material/ruby-on-rails/content/intermediate-rails-development/authentication-and-authorization-in-rails/page-restful-routing-in-rails-applications.md"}}, "paths": ["out/course_material/ruby-on-rails/content/intermediate-rails-development/authentication-and-authorization-in-rails/page-understanding-authentication-and-authorization.md", "out/course_material/ruby-on-rails/content/intermediate-rails-development/authentication-and-authorization-in-rails/page-implementing-authentication-in-rails.md", "out/course_material/ruby-on-rails/content/intermediate-rails-development/authentication-and-authorization-in-rails/page-implementing-authorization-in-rails.md", "out/course_material/ruby-on-rails/content/intermediate-rails-development/authentication-and-authorization-in-rails/page-restful-routing-in-rails-applications.md"]}, "working-with-forms-validations-and-testing": {"name": "Working with Forms, Validations, and Testing", "slug": "working-with-forms-validations-and-testing", "pageCount": 4, "pages": {"using-forms-in-rails": {"name": "Using Forms in Rails", "slug": "using-forms-in-rails", "path": "out/course_material/ruby-on-rails/content/intermediate-rails-development/working-with-forms-validations-and-testing/page-using-forms-in-rails.md"}, "validating-data-in-rails": {"name": "Validating Data in Rails", "slug": "validating-data-in-rails", "path": "out/course_material/ruby-on-rails/content/intermediate-rails-development/working-with-forms-validations-and-testing/page-validating-data-in-rails.md"}, "testing-in-ruby-on-rails": {"name": "Testing in Ruby on Rails", "slug": "testing-in-ruby-on-rails", "path": "out/course_material/ruby-on-rails/content/intermediate-rails-development/working-with-forms-validations-and-testing/page-testing-in-ruby-on-rails.md"}, "using-rspec-or-minitest-for-testing": {"name": "Using RSpec or MiniTest for Testing", "slug": "using-rspec-or-minitest-for-testing", "path": "out/course_material/ruby-on-rails/content/intermediate-rails-development/working-with-forms-validations-and-testing/page-using-rspec-or-minitest-for-testing.md"}}, "paths": ["out/course_material/ruby-on-rails/content/intermediate-rails-development/working-with-forms-validations-and-testing/page-using-forms-in-rails.md", "out/course_material/ruby-on-rails/content/intermediate-rails-development/working-with-forms-validations-and-testing/page-validating-data-in-rails.md", "out/course_material/ruby-on-rails/content/intermediate-rails-development/working-with-forms-validations-and-testing/page-testing-in-ruby-on-rails.md", "out/course_material/ruby-on-rails/content/intermediate-rails-development/working-with-forms-validations-and-testing/page-using-rspec-or-minitest-for-testing.md"]}}, "pageCount": 8, "paths": ["out/course_material/ruby-on-rails/content/intermediate-rails-development/authentication-and-authorization-in-rails/page-understanding-authentication-and-authorization.md", "out/course_material/ruby-on-rails/content/intermediate-rails-development/authentication-and-authorization-in-rails/page-implementing-authentication-in-rails.md", "out/course_material/ruby-on-rails/content/intermediate-rails-development/authentication-and-authorization-in-rails/page-implementing-authorization-in-rails.md", "out/course_material/ruby-on-rails/content/intermediate-rails-development/authentication-and-authorization-in-rails/page-restful-routing-in-rails-applications.md", "out/course_material/ruby-on-rails/content/intermediate-rails-development/working-with-forms-validations-and-testing/page-using-forms-in-rails.md", "out/course_material/ruby-on-rails/content/intermediate-rails-development/working-with-forms-validations-and-testing/page-validating-data-in-rails.md", "out/course_material/ruby-on-rails/content/intermediate-rails-development/working-with-forms-validations-and-testing/page-testing-in-ruby-on-rails.md", "out/course_material/ruby-on-rails/content/intermediate-rails-development/working-with-forms-validations-and-testing/page-using-rspec-or-minitest-for-testing.md"]}, "advanced-topics-in-ruby-on-rails": {"courseName": "Advanced Topics in Ruby on Rails", "slug": "advanced-topics-in-ruby-on-rails", "chapters": {"performance-optimization-and-caching": {"name": "Performance Optimization and Caching", "slug": "performance-optimization-and-caching", "pageCount": 5, "pages": {"understanding-performance-optimization": {"name": "Understanding Performance Optimization", "slug": "understanding-performance-optimization", "path": "out/course_material/ruby-on-rails/content/advanced-topics-in-ruby-on-rails/performance-optimization-and-caching/page-understanding-performance-optimization.md"}, "techniques-for-caching-in-rails": {"name": "Techniques for Caching in Rails", "slug": "techniques-for-caching-in-rails", "path": "out/course_material/ruby-on-rails/content/advanced-topics-in-ruby-on-rails/performance-optimization-and-caching/page-techniques-for-caching-in-rails.md"}, "using-background-jobs-and-queuing-with-sidekiq": {"name": "Using Background Jobs and Queuing with Sidekiq", "slug": "using-background-jobs-and-queuing-with-sidekiq", "path": "out/course_material/ruby-on-rails/content/advanced-topics-in-ruby-on-rails/performance-optimization-and-caching/page-using-background-jobs-and-queuing-with-sidekiq.md"}, "implementing-caching-in-a-rails-application": {"name": "Implementing Caching in a Rails Application", "slug": "implementing-caching-in-a-rails-application", "path": "out/course_material/ruby-on-rails/content/advanced-topics-in-ruby-on-rails/performance-optimization-and-caching/page-implementing-caching-in-a-rails-application.md"}, "best-practices-for-performance-optimization-and-caching": {"name": "Best Practices for Performance Optimization and Caching", "slug": "best-practices-for-performance-optimization-and-caching", "path": "out/course_material/ruby-on-rails/content/advanced-topics-in-ruby-on-rails/performance-optimization-and-caching/page-best-practices-for-performance-optimization-and-caching.md"}}, "paths": ["out/course_material/ruby-on-rails/content/advanced-topics-in-ruby-on-rails/performance-optimization-and-caching/page-understanding-performance-optimization.md", "out/course_material/ruby-on-rails/content/advanced-topics-in-ruby-on-rails/performance-optimization-and-caching/page-techniques-for-caching-in-rails.md", "out/course_material/ruby-on-rails/content/advanced-topics-in-ruby-on-rails/performance-optimization-and-caching/page-using-background-jobs-and-queuing-with-sidekiq.md", "out/course_material/ruby-on-rails/content/advanced-topics-in-ruby-on-rails/performance-optimization-and-caching/page-implementing-caching-in-a-rails-application.md", "out/course_material/ruby-on-rails/content/advanced-topics-in-ruby-on-rails/performance-optimization-and-caching/page-best-practices-for-performance-optimization-and-caching.md"]}, "integrating-apis-and-deployment": {"name": "Integrating APIs and Deployment", "slug": "integrating-apis-and-deployment", "pageCount": 5, "pages": {"introduction-to-integrating-apis-in-rails": {"name": "Introduction to Integrating APIs in Rails", "slug": "introduction-to-integrating-apis-in-rails", "path": "out/course_material/ruby-on-rails/content/advanced-topics-in-ruby-on-rails/integrating-apis-and-deployment/page-introduction-to-integrating-apis-in-rails.md"}, "using-third-party-services-in-rails-applications": {"name": "Using Third-Party Services in Rails Applications", "slug": "using-third-party-services-in-rails-applications", "path": "out/course_material/ruby-on-rails/content/advanced-topics-in-ruby-on-rails/integrating-apis-and-deployment/page-using-third-party-services-in-rails-applications.md"}, "deploying-rails-applications-to-production-environments": {"name": "Deploying Rails Applications to Production Environments", "slug": "deploying-rails-applications-to-production-environments", "path": "out/course_material/ruby-on-rails/content/advanced-topics-in-ruby-on-rails/integrating-apis-and-deployment/page-deploying-rails-applications-to-production-environments.md"}, "monitoring-and-scaling-rails-applications": {"name": "Monitoring and Scaling Rails Applications", "slug": "monitoring-and-scaling-rails-applications", "path": "out/course_material/ruby-on-rails/content/advanced-topics-in-ruby-on-rails/integrating-apis-and-deployment/page-monitoring-and-scaling-rails-applications.md"}, "best-practices-for-api-integration-and-deployment": {"name": "Best Practices for API Integration and Deployment", "slug": "best-practices-for-api-integration-and-deployment", "path": "out/course_material/ruby-on-rails/content/advanced-topics-in-ruby-on-rails/integrating-apis-and-deployment/page-best-practices-for-api-integration-and-deployment.md"}}, "paths": ["out/course_material/ruby-on-rails/content/advanced-topics-in-ruby-on-rails/integrating-apis-and-deployment/page-introduction-to-integrating-apis-in-rails.md", "out/course_material/ruby-on-rails/content/advanced-topics-in-ruby-on-rails/integrating-apis-and-deployment/page-using-third-party-services-in-rails-applications.md", "out/course_material/ruby-on-rails/content/advanced-topics-in-ruby-on-rails/integrating-apis-and-deployment/page-deploying-rails-applications-to-production-environments.md", "out/course_material/ruby-on-rails/content/advanced-topics-in-ruby-on-rails/integrating-apis-and-deployment/page-monitoring-and-scaling-rails-applications.md", "out/course_material/ruby-on-rails/content/advanced-topics-in-ruby-on-rails/integrating-apis-and-deployment/page-best-practices-for-api-integration-and-deployment.md"]}}, "pageCount": 10, "paths": ["out/course_material/ruby-on-rails/content/advanced-topics-in-ruby-on-rails/performance-optimization-and-caching/page-understanding-performance-optimization.md", "out/course_material/ruby-on-rails/content/advanced-topics-in-ruby-on-rails/performance-optimization-and-caching/page-techniques-for-caching-in-rails.md", "out/course_material/ruby-on-rails/content/advanced-topics-in-ruby-on-rails/performance-optimization-and-caching/page-using-background-jobs-and-queuing-with-sidekiq.md", "out/course_material/ruby-on-rails/content/advanced-topics-in-ruby-on-rails/performance-optimization-and-caching/page-implementing-caching-in-a-rails-application.md", "out/course_material/ruby-on-rails/content/advanced-topics-in-ruby-on-rails/performance-optimization-and-caching/page-best-practices-for-performance-optimization-and-caching.md", "out/course_material/ruby-on-rails/content/advanced-topics-in-ruby-on-rails/integrating-apis-and-deployment/page-introduction-to-integrating-apis-in-rails.md", "out/course_material/ruby-on-rails/content/advanced-topics-in-ruby-on-rails/integrating-apis-and-deployment/page-using-third-party-services-in-rails-applications.md", "out/course_material/ruby-on-rails/content/advanced-topics-in-ruby-on-rails/integrating-apis-and-deployment/page-deploying-rails-applications-to-production-environments.md", "out/course_material/ruby-on-rails/content/advanced-topics-in-ruby-on-rails/integrating-apis-and-deployment/page-monitoring-and-scaling-rails-applications.md", "out/course_material/ruby-on-rails/content/advanced-topics-in-ruby-on-rails/integrating-apis-and-deployment/page-best-practices-for-api-integration-and-deployment.md"]}}, "allPaths": ["out/course_material/ruby-on-rails/content/introduction-to-web-development/understanding-web-technologies/page-the-building-blocks-of-the-web.md", "out/course_material/ruby-on-rails/content/introduction-to-web-development/understanding-web-technologies/page-role-of-html-and-css.md", "out/course_material/ruby-on-rails/content/introduction-to-web-development/understanding-web-technologies/page-how-web-servers-and-browsers-interact.md", "out/course_material/ruby-on-rails/content/introduction-to-web-development/understanding-web-technologies/page-recap-and-quiz.md", "out/course_material/ruby-on-rails/content/introduction-to-web-development/client-server-architecture-and-http-protocol/page-client-server-communication-basics.md", "out/course_material/ruby-on-rails/content/introduction-to-web-development/client-server-architecture-and-http-protocol/page-understanding-the-http-protocol.md", "out/course_material/ruby-on-rails/content/introduction-to-web-development/client-server-architecture-and-http-protocol/page-http-requests-and-responses.md", "out/course_material/ruby-on-rails/content/introduction-to-web-development/client-server-architecture-and-http-protocol/page-exploring-http-headers.md", "out/course_material/ruby-on-rails/content/introduction-to-web-development/client-server-architecture-and-http-protocol/page-recap-and-quiz.md", "out/course_material/ruby-on-rails/content/ruby-fundamentals/basic-programming-concepts/page-introduction-to-basic-programming-concepts.md", "out/course_material/ruby-on-rails/content/ruby-fundamentals/basic-programming-concepts/page-understanding-variables-in-ruby.md", "out/course_material/ruby-on-rails/content/ruby-fundamentals/basic-programming-concepts/page-exploring-data-types-in-ruby.md", "out/course_material/ruby-on-rails/content/ruby-fundamentals/basic-programming-concepts/page-control-structures-in-ruby.md", "out/course_material/ruby-on-rails/content/ruby-fundamentals/writing-and-understanding-ruby-programs/page-introduction-to-ruby-programming-language.md", "out/course_material/ruby-on-rails/content/ruby-fundamentals/writing-and-understanding-ruby-programs/page-writing-simple-ruby-programs.md", "out/course_material/ruby-on-rails/content/ruby-fundamentals/writing-and-understanding-ruby-programs/page-understanding-code-execution-in-ruby.md", "out/course_material/ruby-on-rails/content/getting-started-with-ruby-on-rails/understanding-model-view-controller-mvc-architecture/page-what-is-mvc-architecture.md", "out/course_material/ruby-on-rails/content/getting-started-with-ruby-on-rails/understanding-model-view-controller-mvc-architecture/page-model-view-and-controller-explained.md", "out/course_material/ruby-on-rails/content/getting-started-with-ruby-on-rails/understanding-model-view-controller-mvc-architecture/page-the-role-of-mvc-in-rails.md", "out/course_material/ruby-on-rails/content/getting-started-with-ruby-on-rails/understanding-model-view-controller-mvc-architecture/page-benefits-of-using-mvc-in-web-development.md", "out/course_material/ruby-on-rails/content/getting-started-with-ruby-on-rails/creating-a-basic-rails-application/page-setting-up-a-new-rails-project.md", "out/course_material/ruby-on-rails/content/getting-started-with-ruby-on-rails/creating-a-basic-rails-application/page-understanding-the-rails-directory-structure.md", "out/course_material/ruby-on-rails/content/getting-started-with-ruby-on-rails/creating-a-basic-rails-application/page-working-with-models-in-rails.md", "out/course_material/ruby-on-rails/content/getting-started-with-ruby-on-rails/creating-a-basic-rails-application/page-interacting-with-views-and-controllers-in-rails.md", "out/course_material/ruby-on-rails/content/intermediate-rails-development/authentication-and-authorization-in-rails/page-understanding-authentication-and-authorization.md", "out/course_material/ruby-on-rails/content/intermediate-rails-development/authentication-and-authorization-in-rails/page-implementing-authentication-in-rails.md", "out/course_material/ruby-on-rails/content/intermediate-rails-development/authentication-and-authorization-in-rails/page-implementing-authorization-in-rails.md", "out/course_material/ruby-on-rails/content/intermediate-rails-development/authentication-and-authorization-in-rails/page-restful-routing-in-rails-applications.md", "out/course_material/ruby-on-rails/content/intermediate-rails-development/working-with-forms-validations-and-testing/page-using-forms-in-rails.md", "out/course_material/ruby-on-rails/content/intermediate-rails-development/working-with-forms-validations-and-testing/page-validating-data-in-rails.md", "out/course_material/ruby-on-rails/content/intermediate-rails-development/working-with-forms-validations-and-testing/page-testing-in-ruby-on-rails.md", "out/course_material/ruby-on-rails/content/intermediate-rails-development/working-with-forms-validations-and-testing/page-using-rspec-or-minitest-for-testing.md", "out/course_material/ruby-on-rails/content/advanced-topics-in-ruby-on-rails/performance-optimization-and-caching/page-understanding-performance-optimization.md", "out/course_material/ruby-on-rails/content/advanced-topics-in-ruby-on-rails/performance-optimization-and-caching/page-techniques-for-caching-in-rails.md", "out/course_material/ruby-on-rails/content/advanced-topics-in-ruby-on-rails/performance-optimization-and-caching/page-using-background-jobs-and-queuing-with-sidekiq.md", "out/course_material/ruby-on-rails/content/advanced-topics-in-ruby-on-rails/performance-optimization-and-caching/page-implementing-caching-in-a-rails-application.md", "out/course_material/ruby-on-rails/content/advanced-topics-in-ruby-on-rails/performance-optimization-and-caching/page-best-practices-for-performance-optimization-and-caching.md", "out/course_material/ruby-on-rails/content/advanced-topics-in-ruby-on-rails/integrating-apis-and-deployment/page-introduction-to-integrating-apis-in-rails.md", "out/course_material/ruby-on-rails/content/advanced-topics-in-ruby-on-rails/integrating-apis-and-deployment/page-using-third-party-services-in-rails-applications.md", "out/course_material/ruby-on-rails/content/advanced-topics-in-ruby-on-rails/integrating-apis-and-deployment/page-deploying-rails-applications-to-production-environments.md", "out/course_material/ruby-on-rails/content/advanced-topics-in-ruby-on-rails/integrating-apis-and-deployment/page-monitoring-and-scaling-rails-applications.md", "out/course_material/ruby-on-rails/content/advanced-topics-in-ruby-on-rails/integrating-apis-and-deployment/page-best-practices-for-api-integration-and-deployment.md"]}