[{"courseName": "Introduction to Programming and Web Development", "chapters": [{"chapter": "Basic Programming Knowledge", "pages": ["Introduction to Basic Programming", "Understanding Variables and Data Types", "Basic Operations in Programming", "Control Structures in Programming", "Practice Skill Challenge Chapter"]}, {"chapter": "Web Development Fundamentals", "pages": ["Introduction to Web Development", "Understanding HTML and CSS", "Client-Server Architecture Basics", "Practice Skill Challenge Chapter"]}]}, {"courseName": "Getting Started with Ruby", "chapters": [{"chapter": "Introduction to Ruby", "pages": ["What is Ruby?", "Ruby Syntax and Features", "Object-Oriented Programming in Ruby", "Practice Skill Challenge"]}, {"chapter": "Introduction to Rails", "pages": ["What is Rails?", "Model-View-Controller (MVC) Architecture", "Routing and Handling HTTP Requests in Rails", "Practice Skill Challenge"]}]}, {"courseName": "Database Management in Rails", "chapters": [{"chapter": "Working with Databases", "pages": ["Introduction to Databases in Rails", "Understanding Relational Databases and SQL", "ActiveRecord and Database Migrations in Rails", "Practice Skill Challenge Chapter"]}, {"chapter": "Front-end Development in Rails", "pages": ["Introduction to Front-end Development in Rails", "Integrating JavaScript Frameworks with Rails Applications", "Asset Pipeline and Front-end Frameworks like Bootstrap", "Practice Skill Challenge Chapter"]}]}, {"courseName": "Testing and Deployment in Rails", "chapters": [{"chapter": "Introduction to Testing and Debugging", "pages": ["Welcome to Testing and Debugging in Rails", "Importance of Testing in Software Development", "Types of Testing in Rails Applications", "Practice Skill Challenge Chapter"]}, {"chapter": "Automated Testing in Rails", "pages": ["Understanding Automated Testing", "RSpec and MiniTest in Rails", "Writing Automated Tests in Rails", "Practice Skill Challenge Chapter"]}, {"chapter": "Debugging Techniques and Tools", "pages": ["Overview of Debugging in Rails", "Using Pry for Debugging", "Debugging Techniques in Rails", "Practice Skill Challenge Chapter"]}, {"chapter": "Deployment and Scalability", "pages": ["Deploying Rails Applications to Web Servers", "Heroku and AWS for Rails Deployment", "Scaling Techniques for Production Applications", "Practice Skill Challenge Chapter"]}]}]